nohup: ignoring input
/opt/pytorch/lib/python3.13/site-packages/torch/cuda/__init__.py:65: FutureWarning: The pynvml package is deprecated. Please install nvidia-ml-py instead. If you did not install pynvml directly, please report this to the maintainers of the package that installed pynvml for you.
  import pynvml  # type: ignore[import]
wandb: [wandb.login()] Loaded credentials for https://api.wandb.ai from /home/ubuntu/.netrc.
wandb: Currently logged in as: vkalva (vkalva-carnegie-mellon-university) to https://api.wandb.ai. Use `wandb login --relogin` to force relogin
wandb: Tracking run with wandb version 0.25.1
wandb: Run data is saved locally in /home/ubuntu/16831_IRL_Project/wandb/run-20260322_233647-g28gr9c0
wandb: Run `wandb offline` to turn off syncing.
wandb: Syncing run ppo_v1
wandb: ⭐️ View project at https://wandb.ai/vkalva-carnegie-mellon-university/locomimic
wandb: 🚀 View run at https://wandb.ai/vkalva-carnegie-mellon-university/locomimic/runs/g28gr9c0
Run      : ppo_v1
Device   : cuda
Steps    : 3000000
N envs   : 4
Rollout  : 4096
Step        7 | Ep     0 | Return    22.57 | Steps    8 | Avg100 R=  22.57 L=  8.0
Step     1913 | Ep   500 | Return    31.31 | Steps   12 | Avg100 R=  37.18 L= 15.2
Step     3749 | Ep  1000 | Return    25.90 | Steps    9 | Avg100 R=  36.01 L= 14.8
Step     5642 | Ep  1500 | Return    32.42 | Steps   12 | Avg100 R=  36.67 L= 15.0
Step     7490 | Ep  2000 | Return    43.29 | Steps   18 | Avg100 R=  36.43 L= 15.2
Step     9400 | Ep  2500 | Return    48.23 | Steps   18 | Avg100 R=  38.18 L= 15.9
Step    11304 | Ep  3000 | Return    33.88 | Steps   15 | Avg100 R=  35.08 L= 14.6
Step    13224 | Ep  3500 | Return    17.27 | Steps    8 | Avg100 R=  37.89 L= 15.8
Step    15118 | Ep  4000 | Return    19.83 | Steps    7 | Avg100 R=  37.12 L= 15.3
Step    16995 | Ep  4500 | Return    38.01 | Steps   17 | Avg100 R=  35.73 L= 14.6
Step    18906 | Ep  5000 | Return    27.58 | Steps   13 | Avg100 R=  36.42 L= 15.1
Step    20809 | Ep  5500 | Return    55.38 | Steps   23 | Avg100 R=  37.17 L= 15.3
Step    22696 | Ep  6000 | Return    41.84 | Steps   17 | Avg100 R=  35.57 L= 14.8
Step    24577 | Ep  6500 | Return    47.44 | Steps   19 | Avg100 R=  37.45 L= 15.6
Step    26477 | Ep  7000 | Return    27.59 | Steps   10 | Avg100 R=  36.57 L= 15.5
Step    28387 | Ep  7500 | Return    41.95 | Steps   18 | Avg100 R=  36.40 L= 15.1
Step    30321 | Ep  8000 | Return    38.15 | Steps   15 | Avg100 R=  38.56 L= 15.6
Step    32227 | Ep  8500 | Return    36.84 | Steps   16 | Avg100 R=  34.44 L= 14.5
Step    34114 | Ep  9000 | Return    28.10 | Steps   12 | Avg100 R=  34.39 L= 14.4
Step    36013 | Ep  9500 | Return    17.34 | Steps    7 | Avg100 R=  36.89 L= 15.1
Step    37919 | Ep 10000 | Return    34.57 | Steps   15 | Avg100 R=  37.04 L= 15.5
Step    39846 | Ep 10500 | Return    57.05 | Steps   24 | Avg100 R=  35.94 L= 15.0
Step    41758 | Ep 11000 | Return    32.70 | Steps   13 | Avg100 R=  37.99 L= 15.9
Step    43650 | Ep 11500 | Return    30.47 | Steps   12 | Avg100 R=  34.51 L= 14.3
Step    45614 | Ep 12000 | Return    27.44 | Steps   13 | Avg100 R=  37.09 L= 15.7
Step    47530 | Ep 12500 | Return    28.43 | Steps   11 | Avg100 R=  38.04 L= 15.8
Step    49463 | Ep 13000 | Return    55.15 | Steps   22 | Avg100 R=  36.55 L= 15.6
Step    51392 | Ep 13500 | Return    43.24 | Steps   17 | Avg100 R=  37.70 L= 15.6
Step    53320 | Ep 14000 | Return    76.84 | Steps   32 | Avg100 R=  37.58 L= 15.8
Step    55255 | Ep 14500 | Return    33.56 | Steps   16 | Avg100 R=  35.83 L= 15.0
Step    57204 | Ep 15000 | Return    27.09 | Steps   10 | Avg100 R=  34.95 L= 14.7
Step    59167 | Ep 15500 | Return    33.90 | Steps   15 | Avg100 R=  38.01 L= 15.9
Step    61099 | Ep 16000 | Return    27.66 | Steps   10 | Avg100 R=  37.10 L= 15.5
Step    63069 | Ep 16500 | Return    38.76 | Steps   16 | Avg100 R=  37.19 L= 15.7
Step    65012 | Ep 17000 | Return    36.60 | Steps   16 | Avg100 R=  36.03 L= 15.1
Step    66978 | Ep 17500 | Return    34.13 | Steps   17 | Avg100 R=  38.58 L= 16.3
Step    68984 | Ep 18000 | Return    30.76 | Steps   11 | Avg100 R=  37.82 L= 15.8
Step    70995 | Ep 18500 | Return    36.83 | Steps   15 | Avg100 R=  39.52 L= 16.7
Step    72972 | Ep 19000 | Return    22.70 | Steps   10 | Avg100 R=  37.93 L= 15.7
Step    74963 | Ep 19500 | Return    48.38 | Steps   20 | Avg100 R=  37.14 L= 15.6
Step    76939 | Ep 20000 | Return    46.50 | Steps   20 | Avg100 R=  39.72 L= 16.7
Step    78887 | Ep 20500 | Return    39.94 | Steps   22 | Avg100 R=  35.63 L= 15.1
Step    80899 | Ep 21000 | Return    39.69 | Steps   18 | Avg100 R=  38.55 L= 16.5
Step    82872 | Ep 21500 | Return    43.16 | Steps   20 | Avg100 R=  37.21 L= 15.8
Step    84907 | Ep 22000 | Return    42.78 | Steps   22 | Avg100 R=  39.49 L= 16.9
Step    86970 | Ep 22500 | Return    37.45 | Steps   17 | Avg100 R=  39.34 L= 16.5
Step    88993 | Ep 23000 | Return    33.13 | Steps   13 | Avg100 R=  38.59 L= 16.2
Step    90974 | Ep 23500 | Return    26.45 | Steps   10 | Avg100 R=  37.87 L= 16.2
Step    92999 | Ep 24000 | Return    65.10 | Steps   28 | Avg100 R=  38.20 L= 16.1
Step    95018 | Ep 24500 | Return    30.51 | Steps   13 | Avg100 R=  38.68 L= 16.5
Step    96975 | Ep 25000 | Return    25.44 | Steps   10 | Avg100 R=  39.18 L= 16.9
Step    98944 | Ep 25500 | Return    36.44 | Steps   18 | Avg100 R=  35.32 L= 15.0
Step   100952 | Ep 26000 | Return    26.98 | Steps   11 | Avg100 R=  37.14 L= 15.5
Step   102976 | Ep 26500 | Return    25.31 | Steps   11 | Avg100 R=  37.18 L= 16.0
Step   104985 | Ep 27000 | Return    58.68 | Steps   28 | Avg100 R=  36.67 L= 15.6
Step   107026 | Ep 27500 | Return    34.47 | Steps   16 | Avg100 R=  39.06 L= 16.6
Step   109025 | Ep 28000 | Return    42.17 | Steps   17 | Avg100 R=  39.03 L= 16.6
Step   111072 | Ep 28500 | Return    51.40 | Steps   22 | Avg100 R=  38.17 L= 16.4
Step   113111 | Ep 29000 | Return    25.79 | Steps   12 | Avg100 R=  38.98 L= 16.7
Step   115089 | Ep 29500 | Return    42.16 | Steps   16 | Avg100 R=  40.35 L= 17.1
Step   117127 | Ep 30000 | Return    35.92 | Steps   14 | Avg100 R=  38.76 L= 16.5
Step   119197 | Ep 30500 | Return    24.51 | Steps    9 | Avg100 R=  37.06 L= 15.6
Step   121276 | Ep 31000 | Return    43.04 | Steps   18 | Avg100 R=  37.91 L= 16.3
Step   123369 | Ep 31500 | Return    37.82 | Steps   17 | Avg100 R=  38.15 L= 16.3
Step   125442 | Ep 32000 | Return    31.07 | Steps   12 | Avg100 R=  38.71 L= 16.7
Step   127485 | Ep 32500 | Return    33.34 | Steps   14 | Avg100 R=  42.52 L= 18.1
Step   129521 | Ep 33000 | Return    44.58 | Steps   19 | Avg100 R=  37.30 L= 15.9
Step   131609 | Ep 33500 | Return    35.08 | Steps   15 | Avg100 R=  40.13 L= 16.8
Step   133648 | Ep 34000 | Return    36.07 | Steps   16 | Avg100 R=  38.19 L= 16.2
Step   135711 | Ep 34500 | Return    40.07 | Steps   18 | Avg100 R=  37.94 L= 16.5
Step   137745 | Ep 35000 | Return    27.65 | Steps   12 | Avg100 R=  37.81 L= 16.2
Step   139774 | Ep 35500 | Return    26.79 | Steps   10 | Avg100 R=  37.08 L= 15.8
Step   141824 | Ep 36000 | Return    34.45 | Steps   15 | Avg100 R=  38.91 L= 16.6
Step   143888 | Ep 36500 | Return    37.94 | Steps   18 | Avg100 R=  37.21 L= 16.0
Step   145926 | Ep 37000 | Return    48.27 | Steps   22 | Avg100 R=  36.73 L= 16.1
Step   148008 | Ep 37500 | Return    21.58 | Steps    8 | Avg100 R=  37.66 L= 16.1
Step   150097 | Ep 38000 | Return    52.36 | Steps   26 | Avg100 R=  38.35 L= 16.4
Step   152184 | Ep 38500 | Return    56.37 | Steps   23 | Avg100 R=  39.56 L= 16.9
Step   154275 | Ep 39000 | Return    33.29 | Steps   13 | Avg100 R=  37.44 L= 16.2
Step   156335 | Ep 39500 | Return    36.08 | Steps   17 | Avg100 R=  36.63 L= 15.8
Step   158444 | Ep 40000 | Return    33.95 | Steps   15 | Avg100 R=  39.84 L= 17.3
Step   160514 | Ep 40500 | Return    29.65 | Steps   14 | Avg100 R=  38.08 L= 16.3
Step   162654 | Ep 41000 | Return    26.51 | Steps   10 | Avg100 R=  39.63 L= 17.0
Step   164807 | Ep 41500 | Return    39.94 | Steps   17 | Avg100 R=  40.41 L= 17.1
Step   166853 | Ep 42000 | Return    33.10 | Steps   13 | Avg100 R=  40.59 L= 17.2
Step   168983 | Ep 42500 | Return    26.30 | Steps   12 | Avg100 R=  38.58 L= 16.4
Step   171117 | Ep 43000 | Return    46.01 | Steps   24 | Avg100 R=  38.18 L= 16.5
Step   173156 | Ep 43500 | Return    52.47 | Steps   26 | Avg100 R=  39.47 L= 17.1
Step   175202 | Ep 44000 | Return    61.55 | Steps   25 | Avg100 R=  36.58 L= 15.6
Step   177335 | Ep 44500 | Return    20.78 | Steps    8 | Avg100 R=  37.12 L= 16.2
Step   179422 | Ep 45000 | Return    37.48 | Steps   17 | Avg100 R=  37.99 L= 16.8
Step   181502 | Ep 45500 | Return    35.99 | Steps   16 | Avg100 R=  37.43 L= 16.1
Step   183660 | Ep 46000 | Return    41.48 | Steps   18 | Avg100 R=  39.01 L= 16.9
Step   185659 | Ep 46500 | Return    37.52 | Steps   17 | Avg100 R=  37.87 L= 16.3
Step   187783 | Ep 47000 | Return    43.45 | Steps   16 | Avg100 R=  38.25 L= 16.6
Step   189858 | Ep 47500 | Return    53.62 | Steps   23 | Avg100 R=  38.20 L= 16.3
Step   191961 | Ep 48000 | Return    24.03 | Steps    9 | Avg100 R=  38.41 L= 16.4
Step   194080 | Ep 48500 | Return    39.91 | Steps   17 | Avg100 R=  38.83 L= 17.0
Step   196202 | Ep 49000 | Return    40.63 | Steps   17 | Avg100 R=  39.39 L= 16.9
Step   198324 | Ep 49500 | Return    25.68 | Steps   10 | Avg100 R=  40.12 L= 17.5
Step   200430 | Ep 50000 | Return    28.76 | Steps   12 | Avg100 R=  38.19 L= 16.6
Step   202544 | Ep 50500 | Return    42.34 | Steps   16 | Avg100 R=  39.19 L= 16.7
Step   204714 | Ep 51000 | Return    49.21 | Steps   21 | Avg100 R=  39.76 L= 17.1
Step   206805 | Ep 51500 | Return    40.74 | Steps   17 | Avg100 R=  39.12 L= 17.1
Step   208958 | Ep 52000 | Return    56.22 | Steps   28 | Avg100 R=  40.23 L= 17.5
Step   211094 | Ep 52500 | Return    38.33 | Steps   18 | Avg100 R=  40.49 L= 17.3
Step   213176 | Ep 53000 | Return    34.84 | Steps   15 | Avg100 R=  39.65 L= 17.1
Step   215305 | Ep 53500 | Return    45.66 | Steps   19 | Avg100 R=  39.07 L= 16.9
Step   217440 | Ep 54000 | Return    35.82 | Steps   16 | Avg100 R=  40.49 L= 17.5
Step   219577 | Ep 54500 | Return    38.60 | Steps   15 | Avg100 R=  40.36 L= 17.5
Step   221688 | Ep 55000 | Return    46.83 | Steps   22 | Avg100 R=  36.70 L= 16.1
Step   223792 | Ep 55500 | Return    19.63 | Steps   10 | Avg100 R=  38.68 L= 16.6
Step   225930 | Ep 56000 | Return    39.12 | Steps   16 | Avg100 R=  39.35 L= 17.1
Step   228059 | Ep 56500 | Return    34.41 | Steps   16 | Avg100 R=  39.72 L= 17.4
Step   230162 | Ep 57000 | Return    27.87 | Steps   13 | Avg100 R=  38.64 L= 16.5
Step   232294 | Ep 57500 | Return    56.58 | Steps   25 | Avg100 R=  39.91 L= 17.6
Step   234422 | Ep 58000 | Return    62.93 | Steps   27 | Avg100 R=  38.75 L= 16.8
Step   236569 | Ep 58500 | Return    28.79 | Steps   13 | Avg100 R=  38.79 L= 16.7
Step   238737 | Ep 59000 | Return    21.73 | Steps    9 | Avg100 R=  39.90 L= 17.2
Step   240862 | Ep 59500 | Return    56.57 | Steps   22 | Avg100 R=  41.01 L= 17.8
Step   242982 | Ep 60000 | Return    30.19 | Steps   12 | Avg100 R=  40.03 L= 17.4
Step   245063 | Ep 60500 | Return    36.16 | Steps   15 | Avg100 R=  39.22 L= 17.0
Step   247210 | Ep 61000 | Return    35.21 | Steps   14 | Avg100 R=  39.51 L= 17.2
Step   249381 | Ep 61500 | Return    22.86 | Steps    9 | Avg100 R=  39.46 L= 17.1
Step   251518 | Ep 62000 | Return    43.68 | Steps   21 | Avg100 R=  39.78 L= 17.2
Step   253647 | Ep 62500 | Return    24.40 | Steps    9 | Avg100 R=  40.93 L= 17.6
Step   255763 | Ep 63000 | Return    34.49 | Steps   16 | Avg100 R=  38.86 L= 17.2
Step   257899 | Ep 63500 | Return    34.59 | Steps   15 | Avg100 R=  40.03 L= 17.4
Step   260041 | Ep 64000 | Return    37.57 | Steps   16 | Avg100 R=  40.14 L= 17.4
Step   262150 | Ep 64500 | Return    39.98 | Steps   16 | Avg100 R=  38.13 L= 16.3
Step   264270 | Ep 65000 | Return    22.92 | Steps    9 | Avg100 R=  38.83 L= 17.1
Step   266400 | Ep 65500 | Return    50.87 | Steps   23 | Avg100 R=  39.63 L= 17.2
Step   268526 | Ep 66000 | Return    34.42 | Steps   15 | Avg100 R=  38.95 L= 16.9
Step   270598 | Ep 66500 | Return    33.34 | Steps   13 | Avg100 R=  37.63 L= 16.5
Step   272766 | Ep 67000 | Return    49.55 | Steps   22 | Avg100 R=  38.70 L= 16.8
Step   274940 | Ep 67500 | Return    37.13 | Steps   16 | Avg100 R=  39.03 L= 17.0
Step   277116 | Ep 68000 | Return    40.29 | Steps   17 | Avg100 R=  39.03 L= 17.1
Step   279254 | Ep 68500 | Return    33.85 | Steps   13 | Avg100 R=  38.59 L= 16.7
Step   281357 | Ep 69000 | Return    33.77 | Steps   15 | Avg100 R=  35.87 L= 15.7
Step   283491 | Ep 69500 | Return    33.73 | Steps   13 | Avg100 R=  39.62 L= 17.4
Step   285631 | Ep 70000 | Return    33.93 | Steps   15 | Avg100 R=  39.70 L= 17.3
Step   287802 | Ep 70500 | Return    35.78 | Steps   18 | Avg100 R=  39.67 L= 17.1
Step   289981 | Ep 71000 | Return    37.53 | Steps   18 | Avg100 R=  39.62 L= 17.3
Step   292125 | Ep 71500 | Return    24.50 | Steps    9 | Avg100 R=  38.64 L= 16.8
Step   294243 | Ep 72000 | Return    41.99 | Steps   18 | Avg100 R=  38.37 L= 16.7
Step   296408 | Ep 72500 | Return    35.95 | Steps   14 | Avg100 R=  38.78 L= 16.8
Step   298608 | Ep 73000 | Return    29.52 | Steps   15 | Avg100 R=  40.90 L= 18.0
Step   300750 | Ep 73500 | Return    36.90 | Steps   16 | Avg100 R=  39.50 L= 17.2
Step   302823 | Ep 74000 | Return    36.86 | Steps   17 | Avg100 R=  37.92 L= 16.6
Step   304940 | Ep 74500 | Return    46.61 | Steps   20 | Avg100 R=  38.02 L= 16.6
Step   307067 | Ep 75000 | Return    51.00 | Steps   24 | Avg100 R=  38.80 L= 16.9
Step   309234 | Ep 75500 | Return    36.38 | Steps   14 | Avg100 R=  39.21 L= 16.9
Step   311386 | Ep 76000 | Return    44.33 | Steps   17 | Avg100 R=  39.37 L= 17.1
Step   313516 | Ep 76500 | Return    34.65 | Steps   16 | Avg100 R=  38.85 L= 17.1
Step   315677 | Ep 77000 | Return    34.13 | Steps   16 | Avg100 R=  38.37 L= 16.7
Step   317787 | Ep 77500 | Return    33.27 | Steps   12 | Avg100 R=  39.09 L= 17.1
Step   319906 | Ep 78000 | Return    29.28 | Steps   12 | Avg100 R=  38.50 L= 16.9
Step   322034 | Ep 78500 | Return    21.79 | Steps   10 | Avg100 R=  36.92 L= 16.1
Step   324170 | Ep 79000 | Return    35.48 | Steps   16 | Avg100 R=  38.87 L= 17.1
Step   326315 | Ep 79500 | Return    28.85 | Steps   13 | Avg100 R=  39.27 L= 17.1
Step   328436 | Ep 80000 | Return    51.00 | Steps   23 | Avg100 R=  37.92 L= 16.5
Step   330569 | Ep 80500 | Return    31.43 | Steps   15 | Avg100 R=  40.29 L= 17.5
Step   332653 | Ep 81000 | Return    40.17 | Steps   18 | Avg100 R=  38.15 L= 16.7
Step   334749 | Ep 81500 | Return    24.54 | Steps   10 | Avg100 R=  40.76 L= 17.9
Step   336849 | Ep 82000 | Return    25.75 | Steps   13 | Avg100 R=  39.26 L= 17.2
Step   338947 | Ep 82500 | Return    16.97 | Steps    6 | Avg100 R=  37.29 L= 16.1
Step   341082 | Ep 83000 | Return    53.78 | Steps   24 | Avg100 R=  39.23 L= 17.0
Step   343165 | Ep 83500 | Return    24.35 | Steps   11 | Avg100 R=  37.79 L= 16.6
Step   345290 | Ep 84000 | Return    31.28 | Steps   12 | Avg100 R=  40.04 L= 17.5
Step   347428 | Ep 84500 | Return    24.20 | Steps   11 | Avg100 R=  38.25 L= 16.8
Step   349621 | Ep 85000 | Return    33.82 | Steps   16 | Avg100 R=  37.90 L= 16.6
Step   351793 | Ep 85500 | Return    31.67 | Steps   13 | Avg100 R=  40.77 L= 17.7
Step   353952 | Ep 86000 | Return    45.85 | Steps   21 | Avg100 R=  37.31 L= 16.3
Step   356043 | Ep 86500 | Return    22.49 | Steps   10 | Avg100 R=  36.81 L= 15.8
Step   358177 | Ep 87000 | Return    25.20 | Steps   12 | Avg100 R=  38.41 L= 16.7
Step   360303 | Ep 87500 | Return    55.07 | Steps   25 | Avg100 R=  38.49 L= 16.8
Step   362400 | Ep 88000 | Return    32.17 | Steps   14 | Avg100 R=  38.47 L= 16.8
Step   364555 | Ep 88500 | Return    23.74 | Steps   10 | Avg100 R=  37.71 L= 16.4
Step   366732 | Ep 89000 | Return    74.60 | Steps   33 | Avg100 R=  38.64 L= 16.9
Step   368852 | Ep 89500 | Return    27.96 | Steps   12 | Avg100 R=  38.30 L= 16.9
Step   370969 | Ep 90000 | Return    35.13 | Steps   15 | Avg100 R=  38.24 L= 16.7
Step   373104 | Ep 90500 | Return    30.28 | Steps   11 | Avg100 R=  39.59 L= 17.4
Step   375201 | Ep 91000 | Return    27.49 | Steps   11 | Avg100 R=  37.60 L= 16.4
Step   377336 | Ep 91500 | Return    36.17 | Steps   16 | Avg100 R=  38.18 L= 16.5
Step   379462 | Ep 92000 | Return    28.98 | Steps   11 | Avg100 R=  38.96 L= 16.8
Step   381588 | Ep 92500 | Return    22.98 | Steps   11 | Avg100 R=  38.44 L= 17.1
Step   383689 | Ep 93000 | Return    31.84 | Steps   15 | Avg100 R=  36.35 L= 15.8
Step   385792 | Ep 93500 | Return    24.51 | Steps   12 | Avg100 R=  37.40 L= 16.5
Step   387838 | Ep 94000 | Return    65.77 | Steps   28 | Avg100 R=  36.50 L= 15.9
Step   389957 | Ep 94500 | Return    40.36 | Steps   16 | Avg100 R=  38.91 L= 16.9
Step   392072 | Ep 95000 | Return    35.48 | Steps   15 | Avg100 R=  37.70 L= 16.7
Step   394163 | Ep 95500 | Return    46.02 | Steps   21 | Avg100 R=  41.36 L= 18.1
Step   396197 | Ep 96000 | Return    22.99 | Steps   11 | Avg100 R=  34.84 L= 15.2
Step   398289 | Ep 96500 | Return    35.46 | Steps   16 | Avg100 R=  39.04 L= 16.8
Step   400393 | Ep 97000 | Return    27.40 | Steps   13 | Avg100 R=  38.59 L= 16.8
Step   402478 | Ep 97500 | Return    47.52 | Steps   18 | Avg100 R=  39.06 L= 17.1
Step   404589 | Ep 98000 | Return    58.42 | Steps   24 | Avg100 R=  36.41 L= 15.9
Step   406700 | Ep 98500 | Return    48.80 | Steps   22 | Avg100 R=  38.26 L= 16.7
Step   408776 | Ep 99000 | Return    60.16 | Steps   25 | Avg100 R=  38.85 L= 16.9
Step   410897 | Ep 99500 | Return    47.46 | Steps   21 | Avg100 R=  38.30 L= 16.7
Step   412961 | Ep 100000 | Return    47.03 | Steps   18 | Avg100 R=  38.12 L= 16.6
Step   415034 | Ep 100500 | Return    48.73 | Steps   25 | Avg100 R=  36.65 L= 15.9
Step   417097 | Ep 101000 | Return    43.36 | Steps   18 | Avg100 R=  37.57 L= 16.6
Step   419203 | Ep 101500 | Return    33.98 | Steps   15 | Avg100 R=  39.51 L= 17.2
Step   421276 | Ep 102000 | Return    44.89 | Steps   20 | Avg100 R=  37.78 L= 16.7
Step   423415 | Ep 102500 | Return    36.36 | Steps   17 | Avg100 R=  37.39 L= 16.4
Step   425562 | Ep 103000 | Return    20.63 | Steps    8 | Avg100 R=  38.74 L= 17.2
Step   427677 | Ep 103500 | Return    38.05 | Steps   16 | Avg100 R=  39.81 L= 17.6
Step   429808 | Ep 104000 | Return    32.21 | Steps   13 | Avg100 R=  38.12 L= 16.8
Step   431861 | Ep 104500 | Return    41.16 | Steps   22 | Avg100 R=  38.55 L= 17.1
Step   433918 | Ep 105000 | Return    26.13 | Steps   14 | Avg100 R=  38.96 L= 17.2
Step   436026 | Ep 105500 | Return    55.67 | Steps   26 | Avg100 R=  39.07 L= 17.2
Step   438138 | Ep 106000 | Return    32.99 | Steps   15 | Avg100 R=  39.10 L= 17.3
Step   440259 | Ep 106500 | Return    37.62 | Steps   18 | Avg100 R=  38.23 L= 16.6
Step   442382 | Ep 107000 | Return    38.20 | Steps   16 | Avg100 R=  38.37 L= 17.1
Step   444431 | Ep 107500 | Return    64.09 | Steps   26 | Avg100 R=  38.06 L= 16.7
Step   446507 | Ep 108000 | Return    32.63 | Steps   13 | Avg100 R=  38.33 L= 16.9
Step   448575 | Ep 108500 | Return    38.99 | Steps   17 | Avg100 R=  38.94 L= 17.1
Step   450682 | Ep 109000 | Return    22.87 | Steps   10 | Avg100 R=  37.37 L= 16.3
Step   452745 | Ep 109500 | Return    48.28 | Steps   21 | Avg100 R=  37.38 L= 16.4
Step   454778 | Ep 110000 | Return    44.98 | Steps   19 | Avg100 R=  35.92 L= 15.8
Step   456856 | Ep 110500 | Return    43.30 | Steps   18 | Avg100 R=  38.23 L= 17.0
Step   458953 | Ep 111000 | Return    48.55 | Steps   22 | Avg100 R=  38.84 L= 17.2
Step   461044 | Ep 111500 | Return    30.87 | Steps   13 | Avg100 R=  37.81 L= 16.6
Step   463137 | Ep 112000 | Return    35.69 | Steps   17 | Avg100 R=  39.92 L= 17.6
Step   465222 | Ep 112500 | Return    44.91 | Steps   18 | Avg100 R=  38.29 L= 16.8
Step   467324 | Ep 113000 | Return    29.65 | Steps   14 | Avg100 R=  39.19 L= 17.2
Step   469446 | Ep 113500 | Return    22.02 | Steps   11 | Avg100 R=  36.47 L= 16.2
Step   471530 | Ep 114000 | Return    30.06 | Steps   12 | Avg100 R=  38.44 L= 17.0
Step   473591 | Ep 114500 | Return    34.00 | Steps   16 | Avg100 R=  38.68 L= 17.2
Step   475674 | Ep 115000 | Return    28.76 | Steps   12 | Avg100 R=  39.22 L= 17.3
Step   477766 | Ep 115500 | Return    27.82 | Steps   14 | Avg100 R=  38.40 L= 16.9
Step   479851 | Ep 116000 | Return    46.40 | Steps   20 | Avg100 R=  38.25 L= 16.7
Step   481987 | Ep 116500 | Return    49.44 | Steps   23 | Avg100 R=  36.83 L= 16.1
Step   484059 | Ep 117000 | Return    56.31 | Steps   26 | Avg100 R=  38.14 L= 16.8
Step   486108 | Ep 117500 | Return    29.54 | Steps   14 | Avg100 R=  38.61 L= 16.9
Step   488188 | Ep 118000 | Return    23.03 | Steps   10 | Avg100 R=  39.09 L= 17.1
Step   490297 | Ep 118500 | Return    46.13 | Steps   20 | Avg100 R=  39.27 L= 17.1
Step   492421 | Ep 119000 | Return    59.00 | Steps   29 | Avg100 R=  38.48 L= 17.2
Step   494473 | Ep 119500 | Return    46.28 | Steps   18 | Avg100 R=  37.36 L= 16.3
Step   496531 | Ep 120000 | Return    42.83 | Steps   18 | Avg100 R=  38.44 L= 17.0
Step   498637 | Ep 120500 | Return    35.47 | Steps   15 | Avg100 R=  38.70 L= 17.2
Step   500686 | Ep 121000 | Return    35.57 | Steps   15 | Avg100 R=  37.61 L= 16.7
Step   502768 | Ep 121500 | Return    52.35 | Steps   23 | Avg100 R=  38.23 L= 16.9
Step   504845 | Ep 122000 | Return    52.47 | Steps   24 | Avg100 R=  38.49 L= 16.8
Step   506933 | Ep 122500 | Return    39.49 | Steps   18 | Avg100 R=  36.52 L= 16.1
Step   508994 | Ep 123000 | Return    39.41 | Steps   19 | Avg100 R=  37.35 L= 16.4
Step   511057 | Ep 123500 | Return    44.61 | Steps   17 | Avg100 R=  38.38 L= 17.0
Step   513123 | Ep 124000 | Return    26.87 | Steps   11 | Avg100 R=  39.88 L= 17.6
Step   515221 | Ep 124500 | Return    31.36 | Steps   13 | Avg100 R=  36.84 L= 16.2
Step   517293 | Ep 125000 | Return    16.49 | Steps    6 | Avg100 R=  39.47 L= 17.5
Step   519369 | Ep 125500 | Return    21.47 | Steps   10 | Avg100 R=  38.10 L= 16.4
Step   521370 | Ep 126000 | Return    28.96 | Steps   11 | Avg100 R=  36.43 L= 15.7
Step   523430 | Ep 126500 | Return    61.75 | Steps   29 | Avg100 R=  38.08 L= 17.0
Step   525518 | Ep 127000 | Return    25.83 | Steps   13 | Avg100 R=  36.48 L= 16.0
Step   527600 | Ep 127500 | Return    38.08 | Steps   15 | Avg100 R=  38.29 L= 16.6
Step   529714 | Ep 128000 | Return    23.05 | Steps    9 | Avg100 R=  37.49 L= 16.5
Step   531817 | Ep 128500 | Return    45.36 | Steps   20 | Avg100 R=  39.39 L= 17.4
Step   533898 | Ep 129000 | Return    54.59 | Steps   24 | Avg100 R=  39.00 L= 16.9
Step   536023 | Ep 129500 | Return    45.57 | Steps   20 | Avg100 R=  40.02 L= 17.8
Step   538111 | Ep 130000 | Return    38.83 | Steps   20 | Avg100 R=  37.70 L= 16.8
Step   540184 | Ep 130500 | Return    51.08 | Steps   23 | Avg100 R=  39.46 L= 17.5
Step   542332 | Ep 131000 | Return    37.73 | Steps   17 | Avg100 R=  38.67 L= 17.0
Step   544434 | Ep 131500 | Return    18.79 | Steps    7 | Avg100 R=  36.44 L= 16.1
Step   546510 | Ep 132000 | Return    31.42 | Steps   13 | Avg100 R=  37.39 L= 16.4
Step   548607 | Ep 132500 | Return    32.13 | Steps   14 | Avg100 R=  38.25 L= 16.9
Step   550708 | Ep 133000 | Return    46.46 | Steps   19 | Avg100 R=  37.39 L= 16.6
Step   552813 | Ep 133500 | Return    42.50 | Steps   17 | Avg100 R=  38.66 L= 17.1
Step   554907 | Ep 134000 | Return    60.27 | Steps   27 | Avg100 R=  38.16 L= 16.9
Step   557002 | Ep 134500 | Return    28.75 | Steps   13 | Avg100 R=  37.90 L= 16.8
Step   559109 | Ep 135000 | Return    33.17 | Steps   14 | Avg100 R=  38.66 L= 17.1
Step   561233 | Ep 135500 | Return    40.90 | Steps   16 | Avg100 R=  41.27 L= 18.4
Step   563309 | Ep 136000 | Return    24.38 | Steps   10 | Avg100 R=  36.68 L= 16.2
Step   565339 | Ep 136500 | Return    23.21 | Steps   11 | Avg100 R=  36.24 L= 16.4
Step   567464 | Ep 137000 | Return    60.34 | Steps   26 | Avg100 R=  40.16 L= 17.6
Step   569534 | Ep 137500 | Return    28.13 | Steps   13 | Avg100 R=  38.54 L= 16.9
Step   571623 | Ep 138000 | Return    31.61 | Steps   15 | Avg100 R=  38.09 L= 16.8
Step   573696 | Ep 138500 | Return    28.61 | Steps   14 | Avg100 R=  37.41 L= 16.6
Step   575809 | Ep 139000 | Return    18.66 | Steps    9 | Avg100 R=  37.68 L= 16.7
Step   577885 | Ep 139500 | Return    33.37 | Steps   14 | Avg100 R=  38.09 L= 16.7
Step   579883 | Ep 140000 | Return    30.16 | Steps   13 | Avg100 R=  35.91 L= 16.0
Step   581998 | Ep 140500 | Return    37.89 | Steps   16 | Avg100 R=  38.78 L= 17.1
Step   584086 | Ep 141000 | Return    36.24 | Steps   19 | Avg100 R=  38.34 L= 16.9
Step   586132 | Ep 141500 | Return    33.06 | Steps   12 | Avg100 R=  37.09 L= 16.4
Step   588270 | Ep 142000 | Return    20.72 | Steps    8 | Avg100 R=  38.01 L= 16.8
Step   590411 | Ep 142500 | Return    22.26 | Steps   11 | Avg100 R=  39.25 L= 17.1
Step   592502 | Ep 143000 | Return    43.94 | Steps   20 | Avg100 R=  36.46 L= 15.9
Step   594600 | Ep 143500 | Return    23.20 | Steps   12 | Avg100 R=  38.24 L= 16.8
Step   596653 | Ep 144000 | Return    35.77 | Steps   15 | Avg100 R=  37.05 L= 16.5
Step   598770 | Ep 144500 | Return    27.96 | Steps   14 | Avg100 R=  39.61 L= 17.5
Step   600877 | Ep 145000 | Return    19.39 | Steps    9 | Avg100 R=  38.85 L= 17.3
Step   602963 | Ep 145500 | Return    24.81 | Steps   11 | Avg100 R=  37.80 L= 16.8
Step   605046 | Ep 146000 | Return    51.59 | Steps   25 | Avg100 R=  38.49 L= 17.0
Step   607083 | Ep 146500 | Return    39.13 | Steps   17 | Avg100 R=  36.18 L= 15.9
Step   609144 | Ep 147000 | Return    26.47 | Steps   12 | Avg100 R=  36.73 L= 16.4
Step   611199 | Ep 147500 | Return    57.80 | Steps   26 | Avg100 R=  38.07 L= 16.9
Step   613316 | Ep 148000 | Return    36.18 | Steps   18 | Avg100 R=  36.81 L= 16.6
Step   615402 | Ep 148500 | Return    21.65 | Steps   11 | Avg100 R=  37.72 L= 16.5
Step   617463 | Ep 149000 | Return    32.80 | Steps   13 | Avg100 R=  39.74 L= 17.4
Step   619564 | Ep 149500 | Return    51.31 | Steps   24 | Avg100 R=  38.11 L= 16.8
Step   621585 | Ep 150000 | Return    37.69 | Steps   16 | Avg100 R=  36.90 L= 16.1
Step   623662 | Ep 150500 | Return    20.90 | Steps    8 | Avg100 R=  37.94 L= 16.8
Step   625819 | Ep 151000 | Return    36.54 | Steps   17 | Avg100 R=  38.23 L= 17.2
Step   627896 | Ep 151500 | Return    31.95 | Steps   13 | Avg100 R=  36.95 L= 16.3
Step   630038 | Ep 152000 | Return    34.96 | Steps   15 | Avg100 R=  38.55 L= 17.1
Step   632109 | Ep 152500 | Return    31.32 | Steps   14 | Avg100 R=  36.09 L= 16.0
Step   634245 | Ep 153000 | Return    23.71 | Steps   12 | Avg100 R=  40.65 L= 18.1
Step   636317 | Ep 153500 | Return    40.61 | Steps   18 | Avg100 R=  38.18 L= 16.8
Step   638383 | Ep 154000 | Return    24.55 | Steps   10 | Avg100 R=  37.23 L= 16.1
Step   640492 | Ep 154500 | Return    48.65 | Steps   22 | Avg100 R=  38.40 L= 17.0
Step   642609 | Ep 155000 | Return    23.83 | Steps   10 | Avg100 R=  38.32 L= 16.9
Step   644720 | Ep 155500 | Return    25.58 | Steps   11 | Avg100 R=  38.11 L= 16.7
Step   646788 | Ep 156000 | Return    31.11 | Steps   14 | Avg100 R=  36.33 L= 15.9
Step   648866 | Ep 156500 | Return    46.55 | Steps   20 | Avg100 R=  37.93 L= 16.7
Step   650966 | Ep 157000 | Return    22.38 | Steps    9 | Avg100 R=  35.38 L= 15.7
Step   653089 | Ep 157500 | Return    30.81 | Steps   13 | Avg100 R=  39.12 L= 17.3
Step   655193 | Ep 158000 | Return    34.44 | Steps   16 | Avg100 R=  38.36 L= 16.8
Step   657273 | Ep 158500 | Return    38.27 | Steps   14 | Avg100 R=  37.78 L= 16.5
Step   659418 | Ep 159000 | Return    40.85 | Steps   16 | Avg100 R=  37.13 L= 16.3
Step   661491 | Ep 159500 | Return    27.94 | Steps   12 | Avg100 R=  37.34 L= 16.5
Step   663602 | Ep 160000 | Return    36.17 | Steps   17 | Avg100 R=  37.28 L= 16.5
Step   665693 | Ep 160500 | Return    18.96 | Steps    7 | Avg100 R=  37.79 L= 16.4
Step   667783 | Ep 161000 | Return    20.39 | Steps   12 | Avg100 R=  38.95 L= 17.2
Step   669834 | Ep 161500 | Return    42.45 | Steps   18 | Avg100 R=  38.62 L= 16.9
Step   671919 | Ep 162000 | Return    40.88 | Steps   17 | Avg100 R=  36.96 L= 16.4
Step   673982 | Ep 162500 | Return    37.28 | Steps   15 | Avg100 R=  37.16 L= 16.2
Step   676042 | Ep 163000 | Return    36.22 | Steps   17 | Avg100 R=  37.20 L= 16.3
Step   678131 | Ep 163500 | Return    28.06 | Steps   15 | Avg100 R=  37.59 L= 16.5
Step   680220 | Ep 164000 | Return    36.84 | Steps   17 | Avg100 R=  38.54 L= 16.8
Step   682333 | Ep 164500 | Return    39.21 | Steps   17 | Avg100 R=  38.46 L= 17.1
Step   684371 | Ep 165000 | Return    59.49 | Steps   25 | Avg100 R=  37.70 L= 16.8
Step   686414 | Ep 165500 | Return    38.39 | Steps   17 | Avg100 R=  36.77 L= 16.0
Step   688493 | Ep 166000 | Return    53.41 | Steps   26 | Avg100 R=  39.02 L= 17.2
Step   690588 | Ep 166500 | Return    25.19 | Steps   11 | Avg100 R=  37.52 L= 16.8
Step   692707 | Ep 167000 | Return    49.22 | Steps   20 | Avg100 R=  36.03 L= 15.6
Step   694770 | Ep 167500 | Return    32.08 | Steps   12 | Avg100 R=  37.10 L= 16.1
Step   696834 | Ep 168000 | Return    24.14 | Steps   11 | Avg100 R=  38.45 L= 16.7
Step   698918 | Ep 168500 | Return    81.18 | Steps   36 | Avg100 R=  36.75 L= 16.0
Step   701035 | Ep 169000 | Return    26.60 | Steps   13 | Avg100 R=  37.67 L= 16.3
Step   703126 | Ep 169500 | Return    53.85 | Steps   25 | Avg100 R=  38.46 L= 16.9
Step   705216 | Ep 170000 | Return    43.96 | Steps   21 | Avg100 R=  39.01 L= 17.5
Step   707320 | Ep 170500 | Return    56.73 | Steps   22 | Avg100 R=  38.47 L= 16.7
Step   709378 | Ep 171000 | Return    27.81 | Steps   13 | Avg100 R=  36.66 L= 16.2
Step   711446 | Ep 171500 | Return    32.55 | Steps   13 | Avg100 R=  36.81 L= 16.4
Step   713531 | Ep 172000 | Return    50.63 | Steps   22 | Avg100 R=  37.96 L= 16.9
Step   715623 | Ep 172500 | Return    34.95 | Steps   17 | Avg100 R=  39.40 L= 17.4
Step   717732 | Ep 173000 | Return    49.89 | Steps   20 | Avg100 R=  38.38 L= 16.6
Step   719786 | Ep 173500 | Return    67.71 | Steps   27 | Avg100 R=  37.78 L= 16.5
Step   721875 | Ep 174000 | Return    40.70 | Steps   18 | Avg100 R=  36.67 L= 16.2
Step   723922 | Ep 174500 | Return    61.77 | Steps   28 | Avg100 R=  37.94 L= 16.7
Step   726001 | Ep 175000 | Return    40.23 | Steps   18 | Avg100 R=  37.25 L= 16.5
Step   728084 | Ep 175500 | Return    68.13 | Steps   28 | Avg100 R=  37.13 L= 16.4
Step   730152 | Ep 176000 | Return    33.28 | Steps   14 | Avg100 R=  37.67 L= 16.4
Step   732259 | Ep 176500 | Return    45.61 | Steps   19 | Avg100 R=  39.77 L= 17.6
Step   734328 | Ep 177000 | Return    40.66 | Steps   18 | Avg100 R=  37.20 L= 16.3
Step   736421 | Ep 177500 | Return    38.68 | Steps   16 | Avg100 R=  37.71 L= 16.7
Step   738496 | Ep 178000 | Return    52.72 | Steps   24 | Avg100 R=  39.25 L= 17.6
Step   740552 | Ep 178500 | Return    33.74 | Steps   15 | Avg100 R=  38.45 L= 16.9
Step   742607 | Ep 179000 | Return    46.24 | Steps   22 | Avg100 R=  36.90 L= 16.3
Step   744722 | Ep 179500 | Return    28.90 | Steps   12 | Avg100 R=  36.86 L= 16.2
Step   746877 | Ep 180000 | Return    35.97 | Steps   16 | Avg100 R=  38.90 L= 17.1
Step   748989 | Ep 180500 | Return    31.05 | Steps   13 | Avg100 R=  37.94 L= 16.9
Step   751100 | Ep 181000 | Return    28.56 | Steps   13 | Avg100 R=  40.46 L= 17.9
Step   753226 | Ep 181500 | Return    51.45 | Steps   20 | Avg100 R=  36.86 L= 16.1
Checkpoint saved: models/ppo_v1/ckpt_step_753664.pt
Step   755321 | Ep 182000 | Return    35.65 | Steps   15 | Avg100 R=  38.46 L= 17.0
Step   757405 | Ep 182500 | Return    37.12 | Steps   17 | Avg100 R=  39.32 L= 17.4
Step   759516 | Ep 183000 | Return    22.96 | Steps   10 | Avg100 R=  38.05 L= 16.9
Step   761604 | Ep 183500 | Return    37.25 | Steps   15 | Avg100 R=  39.70 L= 17.4
Step   763692 | Ep 184000 | Return    31.87 | Steps   14 | Avg100 R=  39.06 L= 17.2
Step   765763 | Ep 184500 | Return    29.46 | Steps   13 | Avg100 R=  38.31 L= 17.0
Step   767854 | Ep 185000 | Return    43.99 | Steps   18 | Avg100 R=  38.50 L= 17.2
Step   769900 | Ep 185500 | Return    18.39 | Steps    9 | Avg100 R=  37.27 L= 16.4
Step   771955 | Ep 186000 | Return    30.98 | Steps   14 | Avg100 R=  36.48 L= 16.4
Step   774100 | Ep 186500 | Return    42.62 | Steps   20 | Avg100 R=  38.61 L= 17.1
Step   776129 | Ep 187000 | Return    24.99 | Steps   10 | Avg100 R=  35.67 L= 15.8
Step   778217 | Ep 187500 | Return    38.55 | Steps   17 | Avg100 R=  39.41 L= 17.6
Step   780290 | Ep 188000 | Return    28.15 | Steps   13 | Avg100 R=  36.86 L= 16.3
Step   782347 | Ep 188500 | Return    27.89 | Steps   13 | Avg100 R=  36.10 L= 16.1
Step   784414 | Ep 189000 | Return    50.90 | Steps   25 | Avg100 R=  37.91 L= 17.1
Step   786459 | Ep 189500 | Return    25.14 | Steps   11 | Avg100 R=  37.10 L= 16.3
Step   788536 | Ep 190000 | Return    32.19 | Steps   14 | Avg100 R=  38.11 L= 16.7
Step   790631 | Ep 190500 | Return    37.32 | Steps   15 | Avg100 R=  38.86 L= 16.9
Step   792716 | Ep 191000 | Return    46.31 | Steps   21 | Avg100 R=  38.50 L= 16.8
Step   794794 | Ep 191500 | Return    31.89 | Steps   15 | Avg100 R=  36.76 L= 16.4
Step   796823 | Ep 192000 | Return    30.63 | Steps   16 | Avg100 R=  35.40 L= 15.6
Step   798902 | Ep 192500 | Return    31.85 | Steps   15 | Avg100 R=  37.21 L= 16.7
Step   800942 | Ep 193000 | Return    46.18 | Steps   24 | Avg100 R=  36.09 L= 16.0
Step   803005 | Ep 193500 | Return    27.51 | Steps   11 | Avg100 R=  38.69 L= 17.1
Step   805091 | Ep 194000 | Return    49.20 | Steps   21 | Avg100 R=  37.15 L= 16.6
Step   807176 | Ep 194500 | Return    22.72 | Steps   11 | Avg100 R=  37.73 L= 16.7
Step   809304 | Ep 195000 | Return    28.36 | Steps   13 | Avg100 R=  38.46 L= 17.1
Step   811393 | Ep 195500 | Return    21.77 | Steps    8 | Avg100 R=  38.27 L= 16.7
Step   813437 | Ep 196000 | Return    31.52 | Steps   16 | Avg100 R=  37.22 L= 16.4
Step   815559 | Ep 196500 | Return    25.67 | Steps   13 | Avg100 R=  37.53 L= 16.4
Step   817632 | Ep 197000 | Return    26.06 | Steps   11 | Avg100 R=  38.41 L= 16.9
Step   819750 | Ep 197500 | Return    53.54 | Steps   27 | Avg100 R=  38.38 L= 17.1
Step   821827 | Ep 198000 | Return    40.09 | Steps   17 | Avg100 R=  39.96 L= 17.5
Step   823909 | Ep 198500 | Return    29.69 | Steps   15 | Avg100 R=  37.37 L= 16.4
Step   826006 | Ep 199000 | Return    28.25 | Steps   12 | Avg100 R=  37.77 L= 16.7
Step   828054 | Ep 199500 | Return    54.61 | Steps   24 | Avg100 R=  36.04 L= 16.1
Step   830180 | Ep 200000 | Return    33.63 | Steps   16 | Avg100 R=  39.11 L= 17.3
Step   832267 | Ep 200500 | Return    45.56 | Steps   21 | Avg100 R=  36.69 L= 16.1
Step   834351 | Ep 201000 | Return    40.32 | Steps   20 | Avg100 R=  37.55 L= 16.4
Step   836481 | Ep 201500 | Return    36.12 | Steps   17 | Avg100 R=  36.08 L= 16.1
Step   838554 | Ep 202000 | Return    31.39 | Steps   13 | Avg100 R=  36.81 L= 16.2
Step   840592 | Ep 202500 | Return    25.85 | Steps   11 | Avg100 R=  35.88 L= 15.9
Step   842685 | Ep 203000 | Return    32.63 | Steps   13 | Avg100 R=  36.35 L= 16.1
Step   844770 | Ep 203500 | Return    24.41 | Steps   11 | Avg100 R=  38.82 L= 17.1
Step   846815 | Ep 204000 | Return    49.09 | Steps   24 | Avg100 R=  36.76 L= 16.1
Step   848912 | Ep 204500 | Return    36.41 | Steps   16 | Avg100 R=  37.88 L= 16.6
Step   850991 | Ep 205000 | Return    37.94 | Steps   14 | Avg100 R=  38.44 L= 16.9
Step   853042 | Ep 205500 | Return    47.54 | Steps   22 | Avg100 R=  36.81 L= 16.2
Step   855085 | Ep 206000 | Return    27.00 | Steps   14 | Avg100 R=  36.59 L= 16.3
Step   857198 | Ep 206500 | Return    28.87 | Steps   12 | Avg100 R=  38.54 L= 17.1
Step   859306 | Ep 207000 | Return    26.01 | Steps   12 | Avg100 R=  39.65 L= 17.5
Step   861353 | Ep 207500 | Return    36.35 | Steps   15 | Avg100 R=  38.21 L= 16.9
Step   863459 | Ep 208000 | Return    40.31 | Steps   18 | Avg100 R=  36.70 L= 16.3
Step   865550 | Ep 208500 | Return    35.83 | Steps   17 | Avg100 R=  37.91 L= 16.5
Step   867630 | Ep 209000 | Return    31.41 | Steps   12 | Avg100 R=  38.04 L= 16.8
Step   869668 | Ep 209500 | Return    25.82 | Steps   11 | Avg100 R=  36.21 L= 16.1
Step   871750 | Ep 210000 | Return    48.13 | Steps   21 | Avg100 R=  37.40 L= 16.7
Step   873778 | Ep 210500 | Return    42.84 | Steps   20 | Avg100 R=  37.15 L= 16.3
Step   875929 | Ep 211000 | Return    53.99 | Steps   23 | Avg100 R=  38.33 L= 16.9
Step   877990 | Ep 211500 | Return    53.52 | Steps   25 | Avg100 R=  37.55 L= 16.6
Step   880026 | Ep 212000 | Return    38.55 | Steps   18 | Avg100 R=  36.01 L= 15.9
Step   882142 | Ep 212500 | Return    40.70 | Steps   18 | Avg100 R=  38.18 L= 16.8
Step   884175 | Ep 213000 | Return    36.61 | Steps   18 | Avg100 R=  37.42 L= 16.2
Step   886244 | Ep 213500 | Return    26.26 | Steps   12 | Avg100 R=  37.35 L= 16.4
Step   888283 | Ep 214000 | Return    26.01 | Steps   11 | Avg100 R=  36.17 L= 16.0
Step   890303 | Ep 214500 | Return    34.97 | Steps   14 | Avg100 R=  36.29 L= 15.9
Step   892362 | Ep 215000 | Return    43.53 | Steps   18 | Avg100 R=  36.78 L= 16.5
Step   894403 | Ep 215500 | Return    43.91 | Steps   19 | Avg100 R=  36.65 L= 16.2
Step   896507 | Ep 216000 | Return    29.28 | Steps   12 | Avg100 R=  38.50 L= 17.0
Step   898576 | Ep 216500 | Return    33.16 | Steps   15 | Avg100 R=  37.44 L= 16.7
Step   900624 | Ep 217000 | Return    49.16 | Steps   22 | Avg100 R=  37.45 L= 16.8
Step   902676 | Ep 217500 | Return    38.07 | Steps   16 | Avg100 R=  37.27 L= 16.2
Step   904697 | Ep 218000 | Return    24.68 | Steps   11 | Avg100 R=  35.88 L= 15.9
Step   906772 | Ep 218500 | Return    33.14 | Steps   15 | Avg100 R=  37.30 L= 16.4
Step   908856 | Ep 219000 | Return    32.85 | Steps   15 | Avg100 R=  38.62 L= 17.2
Step   910945 | Ep 219500 | Return    58.27 | Steps   27 | Avg100 R=  37.84 L= 17.2
Step   913042 | Ep 220000 | Return    43.94 | Steps   20 | Avg100 R=  37.99 L= 16.7
Step   915097 | Ep 220500 | Return    29.23 | Steps   13 | Avg100 R=  37.11 L= 16.6
Step   917099 | Ep 221000 | Return    35.43 | Steps   14 | Avg100 R=  35.49 L= 15.5
Step   919217 | Ep 221500 | Return    40.82 | Steps   17 | Avg100 R=  39.73 L= 17.5
Step   921301 | Ep 222000 | Return    63.95 | Steps   36 | Avg100 R=  38.36 L= 17.2
Step   923346 | Ep 222500 | Return    33.32 | Steps   13 | Avg100 R=  37.05 L= 16.5
Step   925405 | Ep 223000 | Return    33.98 | Steps   14 | Avg100 R=  35.16 L= 15.5
Step   927474 | Ep 223500 | Return    43.28 | Steps   18 | Avg100 R=  37.87 L= 16.6
Step   929551 | Ep 224000 | Return    34.26 | Steps   17 | Avg100 R=  35.27 L= 15.6
Step   931652 | Ep 224500 | Return    48.84 | Steps   20 | Avg100 R=  37.87 L= 16.8
Step   933767 | Ep 225000 | Return    25.00 | Steps   10 | Avg100 R=  36.67 L= 16.5
Step   935882 | Ep 225500 | Return    21.06 | Steps   10 | Avg100 R=  37.97 L= 16.9
Step   937899 | Ep 226000 | Return    38.36 | Steps   17 | Avg100 R=  34.67 L= 15.6
Step   939977 | Ep 226500 | Return    22.52 | Steps   10 | Avg100 R=  38.15 L= 16.9
Step   942060 | Ep 227000 | Return    33.49 | Steps   15 | Avg100 R=  36.39 L= 16.2
Step   944116 | Ep 227500 | Return    33.04 | Steps   15 | Avg100 R=  38.35 L= 17.2
Step   946182 | Ep 228000 | Return    44.73 | Steps   20 | Avg100 R=  36.35 L= 16.2
Step   948257 | Ep 228500 | Return    84.59 | Steps   36 | Avg100 R=  39.25 L= 17.5
Step   950320 | Ep 229000 | Return    31.52 | Steps   15 | Avg100 R=  37.00 L= 16.3
Step   952380 | Ep 229500 | Return    34.74 | Steps   14 | Avg100 R=  38.05 L= 17.2
Step   954448 | Ep 230000 | Return    27.51 | Steps   11 | Avg100 R=  36.76 L= 16.3
Step   956506 | Ep 230500 | Return    36.19 | Steps   14 | Avg100 R=  36.71 L= 16.4
Step   958614 | Ep 231000 | Return    30.12 | Steps   14 | Avg100 R=  38.97 L= 17.4
Step   960713 | Ep 231500 | Return    52.92 | Steps   22 | Avg100 R=  38.90 L= 17.3
Step   962821 | Ep 232000 | Return    32.41 | Steps   15 | Avg100 R=  37.34 L= 16.5
Step   964905 | Ep 232500 | Return    64.10 | Steps   29 | Avg100 R=  36.51 L= 16.4
Step   967021 | Ep 233000 | Return    25.65 | Steps   11 | Avg100 R=  38.50 L= 17.0
Step   969079 | Ep 233500 | Return    41.31 | Steps   17 | Avg100 R=  37.97 L= 16.6
Step   971163 | Ep 234000 | Return    21.88 | Steps   12 | Avg100 R=  36.72 L= 16.3
Step   973222 | Ep 234500 | Return    39.49 | Steps   17 | Avg100 R=  38.53 L= 17.1
Step   975262 | Ep 235000 | Return    30.59 | Steps   14 | Avg100 R=  36.58 L= 16.2
Step   977336 | Ep 235500 | Return    55.76 | Steps   27 | Avg100 R=  36.89 L= 16.4
Step   979404 | Ep 236000 | Return    27.97 | Steps   13 | Avg100 R=  37.68 L= 16.8
Step   981424 | Ep 236500 | Return    46.87 | Steps   20 | Avg100 R=  36.25 L= 16.1
Step   983464 | Ep 237000 | Return    29.98 | Steps   14 | Avg100 R=  36.00 L= 16.0
Step   985526 | Ep 237500 | Return    17.47 | Steps    7 | Avg100 R=  37.94 L= 16.9
Step   987596 | Ep 238000 | Return    50.07 | Steps   25 | Avg100 R=  35.94 L= 16.0
Step   989563 | Ep 238500 | Return    28.55 | Steps   11 | Avg100 R=  34.15 L= 15.2
Step   991603 | Ep 239000 | Return    62.42 | Steps   26 | Avg100 R=  37.09 L= 16.7
Step   993712 | Ep 239500 | Return    40.67 | Steps   19 | Avg100 R=  38.38 L= 17.0
Step   995754 | Ep 240000 | Return    28.97 | Steps   13 | Avg100 R=  36.43 L= 16.3
Step   997888 | Ep 240500 | Return    38.05 | Steps   18 | Avg100 R=  37.67 L= 16.5
Step   999965 | Ep 241000 | Return    36.41 | Steps   17 | Avg100 R=  37.55 L= 16.9
Step  1002035 | Ep 241500 | Return    36.11 | Steps   14 | Avg100 R=  36.09 L= 15.9
Step  1004140 | Ep 242000 | Return    26.51 | Steps   12 | Avg100 R=  37.72 L= 16.6
Step  1006234 | Ep 242500 | Return    29.31 | Steps   13 | Avg100 R=  38.30 L= 16.9
Step  1008307 | Ep 243000 | Return    35.79 | Steps   15 | Avg100 R=  37.01 L= 16.5
Step  1010346 | Ep 243500 | Return    32.87 | Steps   15 | Avg100 R=  36.84 L= 16.4
Step  1012394 | Ep 244000 | Return    41.84 | Steps   20 | Avg100 R=  37.51 L= 16.4
Step  1014437 | Ep 244500 | Return    42.73 | Steps   25 | Avg100 R=  37.06 L= 15.9
Step  1016541 | Ep 245000 | Return    45.02 | Steps   19 | Avg100 R=  37.59 L= 16.7
Step  1018584 | Ep 245500 | Return    32.72 | Steps   14 | Avg100 R=  38.19 L= 16.7
Step  1020684 | Ep 246000 | Return    39.36 | Steps   15 | Avg100 R=  38.42 L= 16.9
Step  1022715 | Ep 246500 | Return    36.70 | Steps   16 | Avg100 R=  36.52 L= 16.1
Step  1024755 | Ep 247000 | Return    27.36 | Steps   12 | Avg100 R=  36.93 L= 16.2
Step  1026817 | Ep 247500 | Return    32.59 | Steps   14 | Avg100 R=  36.13 L= 15.8
Step  1028884 | Ep 248000 | Return    33.39 | Steps   16 | Avg100 R=  37.62 L= 16.6
Step  1030951 | Ep 248500 | Return    59.49 | Steps   24 | Avg100 R=  36.47 L= 16.1
Step  1033028 | Ep 249000 | Return    57.26 | Steps   25 | Avg100 R=  36.99 L= 16.3
Step  1035103 | Ep 249500 | Return    31.38 | Steps   13 | Avg100 R=  37.09 L= 16.4
Step  1037146 | Ep 250000 | Return    38.63 | Steps   17 | Avg100 R=  37.54 L= 16.5
Step  1039164 | Ep 250500 | Return    40.67 | Steps   16 | Avg100 R=  38.71 L= 17.3
Step  1041221 | Ep 251000 | Return    41.72 | Steps   16 | Avg100 R=  34.65 L= 15.2
Step  1043271 | Ep 251500 | Return    30.06 | Steps   15 | Avg100 R=  36.47 L= 16.3
Step  1045316 | Ep 252000 | Return    26.97 | Steps   11 | Avg100 R=  37.07 L= 16.3
Step  1047453 | Ep 252500 | Return    39.04 | Steps   16 | Avg100 R=  37.78 L= 16.7
Step  1049539 | Ep 253000 | Return    30.05 | Steps   14 | Avg100 R=  38.35 L= 16.9
Step  1051606 | Ep 253500 | Return    26.74 | Steps   11 | Avg100 R=  37.50 L= 16.6
Step  1053657 | Ep 254000 | Return    43.98 | Steps   18 | Avg100 R=  36.24 L= 15.9
Step  1055726 | Ep 254500 | Return    44.29 | Steps   20 | Avg100 R=  37.89 L= 16.8
Step  1057821 | Ep 255000 | Return    36.94 | Steps   17 | Avg100 R=  39.40 L= 17.6
Step  1059887 | Ep 255500 | Return    57.92 | Steps   30 | Avg100 R=  37.31 L= 16.6
Step  1061981 | Ep 256000 | Return    43.97 | Steps   18 | Avg100 R=  39.08 L= 17.4
Step  1064017 | Ep 256500 | Return    27.94 | Steps   12 | Avg100 R=  36.18 L= 15.8
Step  1066124 | Ep 257000 | Return    54.55 | Steps   21 | Avg100 R=  38.04 L= 17.0
Step  1068212 | Ep 257500 | Return    58.25 | Steps   27 | Avg100 R=  39.50 L= 17.5
Step  1070302 | Ep 258000 | Return    41.69 | Steps   18 | Avg100 R=  37.39 L= 16.6
Step  1072377 | Ep 258500 | Return    30.79 | Steps   13 | Avg100 R=  36.44 L= 15.8
Step  1074451 | Ep 259000 | Return    25.53 | Steps   12 | Avg100 R=  37.28 L= 16.5
Step  1076520 | Ep 259500 | Return    32.21 | Steps   17 | Avg100 R=  37.70 L= 16.8
Step  1078609 | Ep 260000 | Return    19.38 | Steps   10 | Avg100 R=  36.84 L= 16.4
Step  1080671 | Ep 260500 | Return    31.97 | Steps   14 | Avg100 R=  37.33 L= 16.4
Step  1082749 | Ep 261000 | Return    40.31 | Steps   17 | Avg100 R=  36.27 L= 15.9
Step  1084790 | Ep 261500 | Return    38.65 | Steps   18 | Avg100 R=  36.75 L= 16.3
Step  1086847 | Ep 262000 | Return    43.31 | Steps   19 | Avg100 R=  38.71 L= 17.1
Step  1088901 | Ep 262500 | Return    27.32 | Steps   11 | Avg100 R=  37.60 L= 16.4
Step  1090980 | Ep 263000 | Return    38.62 | Steps   18 | Avg100 R=  37.16 L= 16.5
Step  1093112 | Ep 263500 | Return    39.63 | Steps   19 | Avg100 R=  38.78 L= 17.2
Step  1095172 | Ep 264000 | Return    45.94 | Steps   19 | Avg100 R=  36.56 L= 16.3
Step  1097266 | Ep 264500 | Return    24.69 | Steps   11 | Avg100 R=  36.88 L= 16.4
Step  1099348 | Ep 265000 | Return    51.33 | Steps   22 | Avg100 R=  36.60 L= 16.2
Step  1101419 | Ep 265500 | Return    33.56 | Steps   13 | Avg100 R=  35.71 L= 15.8
Step  1103517 | Ep 266000 | Return    51.17 | Steps   26 | Avg100 R=  38.00 L= 16.9
Step  1105672 | Ep 266500 | Return    30.58 | Steps   13 | Avg100 R=  38.88 L= 17.2
Step  1107742 | Ep 267000 | Return    51.23 | Steps   23 | Avg100 R=  38.00 L= 16.9
Step  1109812 | Ep 267500 | Return    44.85 | Steps   21 | Avg100 R=  35.50 L= 15.7
Step  1111897 | Ep 268000 | Return    30.66 | Steps   13 | Avg100 R=  37.90 L= 16.6
Step  1113976 | Ep 268500 | Return    28.99 | Steps   14 | Avg100 R=  36.51 L= 16.2
Step  1116074 | Ep 269000 | Return    34.51 | Steps   15 | Avg100 R=  37.85 L= 16.9
Step  1118148 | Ep 269500 | Return    26.27 | Steps   12 | Avg100 R=  38.93 L= 17.1
Step  1120210 | Ep 270000 | Return    43.68 | Steps   21 | Avg100 R=  39.33 L= 17.4
Step  1122307 | Ep 270500 | Return    28.83 | Steps   12 | Avg100 R=  38.53 L= 16.9
Step  1124428 | Ep 271000 | Return    89.74 | Steps   36 | Avg100 R=  39.63 L= 17.6
Step  1126528 | Ep 271500 | Return    33.45 | Steps   13 | Avg100 R=  36.72 L= 16.4
Step  1128642 | Ep 272000 | Return    58.65 | Steps   25 | Avg100 R=  38.56 L= 16.8
Step  1130707 | Ep 272500 | Return    36.92 | Steps   16 | Avg100 R=  38.42 L= 16.9
Step  1132820 | Ep 273000 | Return    25.95 | Steps   13 | Avg100 R=  37.38 L= 16.4
Step  1134909 | Ep 273500 | Return    32.26 | Steps   15 | Avg100 R=  36.41 L= 16.0
Step  1137007 | Ep 274000 | Return    27.01 | Steps   12 | Avg100 R=  39.46 L= 17.4
Step  1139133 | Ep 274500 | Return    57.24 | Steps   24 | Avg100 R=  38.24 L= 16.9
Step  1141228 | Ep 275000 | Return    27.04 | Steps   12 | Avg100 R=  38.78 L= 17.3
Step  1143316 | Ep 275500 | Return    34.69 | Steps   15 | Avg100 R=  38.11 L= 16.9
Step  1145416 | Ep 276000 | Return    36.60 | Steps   17 | Avg100 R=  37.40 L= 16.6
Step  1147442 | Ep 276500 | Return    38.76 | Steps   17 | Avg100 R=  36.61 L= 16.1
Step  1149523 | Ep 277000 | Return    30.48 | Steps   13 | Avg100 R=  38.18 L= 16.8
Step  1151674 | Ep 277500 | Return    28.95 | Steps   12 | Avg100 R=  38.69 L= 17.0
Step  1153747 | Ep 278000 | Return    31.28 | Steps   14 | Avg100 R=  39.22 L= 17.4
Step  1155873 | Ep 278500 | Return    28.56 | Steps   13 | Avg100 R=  38.68 L= 17.5
Step  1157929 | Ep 279000 | Return    66.85 | Steps   31 | Avg100 R=  37.43 L= 16.5
Step  1160001 | Ep 279500 | Return    47.93 | Steps   20 | Avg100 R=  36.22 L= 16.1
Step  1162104 | Ep 280000 | Return    52.98 | Steps   20 | Avg100 R=  38.07 L= 17.0
Step  1164197 | Ep 280500 | Return    28.74 | Steps   13 | Avg100 R=  37.80 L= 16.8
Step  1166263 | Ep 281000 | Return    29.97 | Steps   11 | Avg100 R=  37.11 L= 16.2
Step  1168367 | Ep 281500 | Return    33.50 | Steps   13 | Avg100 R=  37.53 L= 16.5
Step  1170440 | Ep 282000 | Return    38.59 | Steps   17 | Avg100 R=  37.81 L= 16.7
Step  1172517 | Ep 282500 | Return    57.03 | Steps   26 | Avg100 R=  37.61 L= 16.8
Step  1174585 | Ep 283000 | Return    26.97 | Steps   11 | Avg100 R=  38.70 L= 17.1
Step  1176664 | Ep 283500 | Return    31.91 | Steps   15 | Avg100 R=  36.97 L= 16.6
Step  1178748 | Ep 284000 | Return    43.91 | Steps   19 | Avg100 R=  38.28 L= 17.0
Step  1180808 | Ep 284500 | Return    31.85 | Steps   18 | Avg100 R=  38.04 L= 16.8
Step  1182910 | Ep 285000 | Return    42.77 | Steps   19 | Avg100 R=  38.26 L= 17.0
Step  1184970 | Ep 285500 | Return    35.04 | Steps   16 | Avg100 R=  38.85 L= 17.2
Step  1187047 | Ep 286000 | Return    36.45 | Steps   16 | Avg100 R=  38.62 L= 17.0
Step  1189120 | Ep 286500 | Return    34.12 | Steps   15 | Avg100 R=  36.96 L= 16.6
Step  1191180 | Ep 287000 | Return    35.33 | Steps   16 | Avg100 R=  37.28 L= 16.8
Step  1193248 | Ep 287500 | Return    37.70 | Steps   19 | Avg100 R=  37.60 L= 16.6
Step  1195330 | Ep 288000 | Return    29.80 | Steps   13 | Avg100 R=  37.01 L= 16.4
Step  1197375 | Ep 288500 | Return    42.85 | Steps   19 | Avg100 R=  35.86 L= 15.8
Step  1199413 | Ep 289000 | Return    35.16 | Steps   16 | Avg100 R=  38.20 L= 17.0
Step  1201456 | Ep 289500 | Return    21.76 | Steps   10 | Avg100 R=  37.28 L= 16.6
Step  1203510 | Ep 290000 | Return    19.23 | Steps    8 | Avg100 R=  37.57 L= 16.4
Step  1205543 | Ep 290500 | Return    44.69 | Steps   20 | Avg100 R=  35.31 L= 15.5
Step  1207657 | Ep 291000 | Return    38.45 | Steps   17 | Avg100 R=  38.99 L= 17.4
Step  1209719 | Ep 291500 | Return    17.49 | Steps    7 | Avg100 R=  38.51 L= 17.0
Step  1211776 | Ep 292000 | Return    45.20 | Steps   21 | Avg100 R=  36.78 L= 16.4
Step  1213869 | Ep 292500 | Return    39.86 | Steps   17 | Avg100 R=  37.09 L= 16.4
Step  1215945 | Ep 293000 | Return    31.09 | Steps   12 | Avg100 R=  38.36 L= 16.6
Step  1218023 | Ep 293500 | Return    38.27 | Steps   17 | Avg100 R=  37.59 L= 16.5
Step  1220058 | Ep 294000 | Return    25.53 | Steps   12 | Avg100 R=  36.78 L= 16.2
Step  1222154 | Ep 294500 | Return    41.97 | Steps   17 | Avg100 R=  35.92 L= 15.9
Step  1224197 | Ep 295000 | Return    54.30 | Steps   26 | Avg100 R=  36.44 L= 16.2
Step  1226269 | Ep 295500 | Return    34.78 | Steps   15 | Avg100 R=  37.64 L= 16.8
Step  1228288 | Ep 296000 | Return    38.20 | Steps   18 | Avg100 R=  38.69 L= 17.0
Step  1230391 | Ep 296500 | Return    25.27 | Steps   12 | Avg100 R=  37.56 L= 16.6
Step  1232490 | Ep 297000 | Return    53.43 | Steps   23 | Avg100 R=  39.37 L= 17.3
Step  1234563 | Ep 297500 | Return    31.06 | Steps   14 | Avg100 R=  37.79 L= 16.8
Step  1236656 | Ep 298000 | Return    33.54 | Steps   16 | Avg100 R=  38.81 L= 17.2
Step  1238710 | Ep 298500 | Return    24.86 | Steps    9 | Avg100 R=  37.43 L= 16.2
Step  1240808 | Ep 299000 | Return    41.53 | Steps   19 | Avg100 R=  38.81 L= 16.9
Step  1242888 | Ep 299500 | Return    61.66 | Steps   27 | Avg100 R=  38.43 L= 17.0
Step  1244952 | Ep 300000 | Return    55.79 | Steps   24 | Avg100 R=  36.87 L= 16.3
Step  1247056 | Ep 300500 | Return    27.43 | Steps   12 | Avg100 R=  37.44 L= 16.4
Step  1249129 | Ep 301000 | Return    22.22 | Steps    9 | Avg100 R=  37.82 L= 16.6
Step  1251232 | Ep 301500 | Return    83.79 | Steps   40 | Avg100 R=  37.81 L= 16.8
Step  1253273 | Ep 302000 | Return    41.48 | Steps   17 | Avg100 R=  36.56 L= 16.1
Step  1255283 | Ep 302500 | Return    36.04 | Steps   16 | Avg100 R=  36.29 L= 16.0
Step  1257327 | Ep 303000 | Return    50.24 | Steps   20 | Avg100 R=  37.10 L= 16.4
Step  1259386 | Ep 303500 | Return    21.15 | Steps   10 | Avg100 R=  34.48 L= 15.2
Step  1261475 | Ep 304000 | Return    53.73 | Steps   22 | Avg100 R=  36.83 L= 16.1
Step  1263555 | Ep 304500 | Return    27.48 | Steps   14 | Avg100 R=  37.40 L= 16.6
Step  1265595 | Ep 305000 | Return    39.03 | Steps   16 | Avg100 R=  36.97 L= 16.4
Step  1267703 | Ep 305500 | Return    28.64 | Steps   13 | Avg100 R=  36.74 L= 16.4
Step  1269762 | Ep 306000 | Return    21.45 | Steps    9 | Avg100 R=  37.84 L= 16.5
Step  1271857 | Ep 306500 | Return    36.10 | Steps   16 | Avg100 R=  36.88 L= 16.2
Step  1273939 | Ep 307000 | Return    38.68 | Steps   17 | Avg100 R=  37.65 L= 16.6
Step  1276025 | Ep 307500 | Return    31.98 | Steps   15 | Avg100 R=  38.50 L= 17.0
Step  1278140 | Ep 308000 | Return    49.34 | Steps   20 | Avg100 R=  39.13 L= 17.2
Step  1280150 | Ep 308500 | Return    42.49 | Steps   19 | Avg100 R=  36.09 L= 16.0
Step  1282199 | Ep 309000 | Return    36.30 | Steps   15 | Avg100 R=  38.18 L= 16.7
Step  1284230 | Ep 309500 | Return    37.00 | Steps   18 | Avg100 R=  36.32 L= 16.1
Step  1286338 | Ep 310000 | Return    45.33 | Steps   23 | Avg100 R=  37.41 L= 16.7
Step  1288393 | Ep 310500 | Return    28.55 | Steps   12 | Avg100 R=  36.59 L= 16.1
Step  1290515 | Ep 311000 | Return    23.03 | Steps   11 | Avg100 R=  38.17 L= 16.6
Step  1292509 | Ep 311500 | Return    32.27 | Steps   12 | Avg100 R=  37.45 L= 16.5
Step  1294533 | Ep 312000 | Return    39.02 | Steps   17 | Avg100 R=  36.79 L= 16.3
Step  1296588 | Ep 312500 | Return    24.29 | Steps   12 | Avg100 R=  37.42 L= 16.6
Step  1298602 | Ep 313000 | Return    31.64 | Steps   14 | Avg100 R=  36.42 L= 16.1
Step  1300642 | Ep 313500 | Return    27.44 | Steps   11 | Avg100 R=  35.49 L= 15.7
Step  1302744 | Ep 314000 | Return    21.09 | Steps    8 | Avg100 R=  38.24 L= 17.1
Step  1304788 | Ep 314500 | Return    28.08 | Steps   14 | Avg100 R=  36.91 L= 16.4
Step  1306904 | Ep 315000 | Return    48.99 | Steps   24 | Avg100 R=  39.10 L= 17.4
Step  1308911 | Ep 315500 | Return    30.17 | Steps   14 | Avg100 R=  38.90 L= 17.5
Step  1310991 | Ep 316000 | Return    34.86 | Steps   16 | Avg100 R=  36.89 L= 16.3
Step  1313012 | Ep 316500 | Return    62.25 | Steps   27 | Avg100 R=  36.61 L= 16.0
Step  1315049 | Ep 317000 | Return    32.02 | Steps   14 | Avg100 R=  36.53 L= 16.1
Step  1317107 | Ep 317500 | Return    40.55 | Steps   22 | Avg100 R=  37.27 L= 16.4
Step  1319159 | Ep 318000 | Return    46.02 | Steps   23 | Avg100 R=  38.83 L= 17.5
Step  1321193 | Ep 318500 | Return    35.25 | Steps   15 | Avg100 R=  38.62 L= 17.3
Step  1323256 | Ep 319000 | Return    43.47 | Steps   19 | Avg100 R=  37.67 L= 16.7
Step  1325307 | Ep 319500 | Return    30.30 | Steps   17 | Avg100 R=  37.11 L= 16.4
Step  1327345 | Ep 320000 | Return    31.21 | Steps   12 | Avg100 R=  39.26 L= 17.2
Step  1329401 | Ep 320500 | Return    40.91 | Steps   16 | Avg100 R=  36.55 L= 16.3
Step  1331431 | Ep 321000 | Return    46.61 | Steps   19 | Avg100 R=  37.99 L= 16.7
Step  1333541 | Ep 321500 | Return    46.39 | Steps   19 | Avg100 R=  38.60 L= 17.0
Step  1335586 | Ep 322000 | Return    41.58 | Steps   22 | Avg100 R=  37.08 L= 16.6
Step  1337607 | Ep 322500 | Return    40.30 | Steps   18 | Avg100 R=  37.01 L= 16.6
Step  1339655 | Ep 323000 | Return    44.58 | Steps   21 | Avg100 R=  34.41 L= 15.3
Step  1341687 | Ep 323500 | Return    52.35 | Steps   22 | Avg100 R=  36.16 L= 15.9
Step  1343745 | Ep 324000 | Return    38.09 | Steps   18 | Avg100 R=  36.61 L= 16.2
Step  1345756 | Ep 324500 | Return    32.63 | Steps   16 | Avg100 R=  37.82 L= 16.9
Step  1347796 | Ep 325000 | Return    25.47 | Steps   12 | Avg100 R=  36.28 L= 15.9
Step  1349829 | Ep 325500 | Return    26.86 | Steps   12 | Avg100 R=  37.62 L= 16.7
Step  1351911 | Ep 326000 | Return    51.39 | Steps   23 | Avg100 R=  36.91 L= 16.4
Step  1353949 | Ep 326500 | Return    26.66 | Steps   12 | Avg100 R=  37.56 L= 16.6
Step  1356038 | Ep 327000 | Return    37.70 | Steps   17 | Avg100 R=  35.92 L= 15.9
Step  1358122 | Ep 327500 | Return    46.67 | Steps   21 | Avg100 R=  37.95 L= 16.7
Step  1360125 | Ep 328000 | Return    32.61 | Steps   14 | Avg100 R=  37.09 L= 16.2
Step  1362198 | Ep 328500 | Return    46.84 | Steps   23 | Avg100 R=  37.01 L= 16.2
Step  1364251 | Ep 329000 | Return    37.39 | Steps   17 | Avg100 R=  34.81 L= 15.4
Step  1366329 | Ep 329500 | Return    40.18 | Steps   17 | Avg100 R=  35.67 L= 15.9
Step  1368379 | Ep 330000 | Return    35.41 | Steps   14 | Avg100 R=  36.97 L= 16.5
Step  1370395 | Ep 330500 | Return    36.24 | Steps   15 | Avg100 R=  36.18 L= 15.9
Step  1372464 | Ep 331000 | Return    27.04 | Steps   14 | Avg100 R=  37.31 L= 16.8
Step  1374568 | Ep 331500 | Return    34.14 | Steps   16 | Avg100 R=  37.03 L= 16.5
Step  1376631 | Ep 332000 | Return    38.81 | Steps   19 | Avg100 R=  36.13 L= 16.1
Step  1378656 | Ep 332500 | Return    31.49 | Steps   13 | Avg100 R=  38.56 L= 16.8
Step  1380684 | Ep 333000 | Return    40.53 | Steps   17 | Avg100 R=  36.20 L= 16.1
Step  1382744 | Ep 333500 | Return    30.83 | Steps   12 | Avg100 R=  36.13 L= 16.1
Step  1384809 | Ep 334000 | Return    36.71 | Steps   16 | Avg100 R=  37.28 L= 16.2
Step  1386856 | Ep 334500 | Return    28.66 | Steps   13 | Avg100 R=  37.71 L= 16.6
Step  1388922 | Ep 335000 | Return    25.50 | Steps   13 | Avg100 R=  36.57 L= 16.2
Step  1390922 | Ep 335500 | Return    52.98 | Steps   23 | Avg100 R=  38.04 L= 16.9
Step  1392931 | Ep 336000 | Return    18.19 | Steps    7 | Avg100 R=  36.93 L= 16.4
Step  1394994 | Ep 336500 | Return    34.39 | Steps   15 | Avg100 R=  36.78 L= 16.3
Step  1397062 | Ep 337000 | Return    18.32 | Steps    7 | Avg100 R=  39.66 L= 17.4
Step  1399114 | Ep 337500 | Return    39.83 | Steps   18 | Avg100 R=  38.14 L= 16.8
Step  1401120 | Ep 338000 | Return    53.53 | Steps   22 | Avg100 R=  35.53 L= 15.8
Step  1403212 | Ep 338500 | Return    29.40 | Steps   13 | Avg100 R=  37.75 L= 16.8
Step  1405289 | Ep 339000 | Return    37.57 | Steps   17 | Avg100 R=  37.84 L= 16.9
Step  1407308 | Ep 339500 | Return    32.37 | Steps   15 | Avg100 R=  37.10 L= 16.5
Step  1409377 | Ep 340000 | Return    47.25 | Steps   22 | Avg100 R=  36.52 L= 16.0
Step  1411397 | Ep 340500 | Return    28.13 | Steps   10 | Avg100 R=  36.81 L= 16.4
Step  1413456 | Ep 341000 | Return    45.83 | Steps   20 | Avg100 R=  35.12 L= 15.4
Step  1415498 | Ep 341500 | Return    35.54 | Steps   15 | Avg100 R=  35.93 L= 15.9
Step  1417550 | Ep 342000 | Return    49.24 | Steps   20 | Avg100 R=  36.16 L= 16.0
Step  1419600 | Ep 342500 | Return    35.32 | Steps   16 | Avg100 R=  36.87 L= 16.2
Step  1421618 | Ep 343000 | Return    46.18 | Steps   20 | Avg100 R=  37.37 L= 16.7
Step  1423649 | Ep 343500 | Return    44.17 | Steps   20 | Avg100 R=  35.82 L= 16.0
Step  1425643 | Ep 344000 | Return    23.16 | Steps    9 | Avg100 R=  34.16 L= 15.2
Step  1427659 | Ep 344500 | Return    28.78 | Steps   12 | Avg100 R=  35.32 L= 15.7
Step  1429703 | Ep 345000 | Return    33.63 | Steps   15 | Avg100 R=  37.89 L= 16.7
Step  1431758 | Ep 345500 | Return    39.51 | Steps   17 | Avg100 R=  35.51 L= 15.7
Step  1433852 | Ep 346000 | Return    38.77 | Steps   17 | Avg100 R=  36.66 L= 16.0
Step  1435852 | Ep 346500 | Return    43.36 | Steps   18 | Avg100 R=  34.60 L= 15.4
Step  1437903 | Ep 347000 | Return    40.21 | Steps   18 | Avg100 R=  38.35 L= 17.0
Step  1439933 | Ep 347500 | Return    34.06 | Steps   15 | Avg100 R=  36.73 L= 16.2
Step  1442015 | Ep 348000 | Return    33.94 | Steps   16 | Avg100 R=  38.19 L= 17.1
Step  1444028 | Ep 348500 | Return    24.27 | Steps   11 | Avg100 R=  35.87 L= 15.8
Step  1446015 | Ep 349000 | Return    36.35 | Steps   14 | Avg100 R=  35.68 L= 15.6
Step  1448058 | Ep 349500 | Return    26.17 | Steps   12 | Avg100 R=  36.53 L= 16.3
Step  1450065 | Ep 350000 | Return    25.30 | Steps   10 | Avg100 R=  35.95 L= 16.0
Step  1452087 | Ep 350500 | Return    35.38 | Steps   15 | Avg100 R=  35.78 L= 15.7
Step  1454175 | Ep 351000 | Return    21.34 | Steps   10 | Avg100 R=  39.44 L= 17.6
Step  1456217 | Ep 351500 | Return    28.32 | Steps   13 | Avg100 R=  36.03 L= 15.7
Step  1458299 | Ep 352000 | Return    55.72 | Steps   26 | Avg100 R=  37.90 L= 16.8
Step  1460410 | Ep 352500 | Return    22.92 | Steps    9 | Avg100 R=  37.25 L= 16.5
Step  1462485 | Ep 353000 | Return    26.68 | Steps   11 | Avg100 R=  37.50 L= 16.8
Step  1464560 | Ep 353500 | Return    40.34 | Steps   18 | Avg100 R=  37.78 L= 16.9
Step  1466630 | Ep 354000 | Return    51.03 | Steps   22 | Avg100 R=  36.57 L= 16.4
Step  1468724 | Ep 354500 | Return    38.62 | Steps   17 | Avg100 R=  37.59 L= 16.6
Step  1470756 | Ep 355000 | Return    60.23 | Steps   29 | Avg100 R=  37.88 L= 17.0
Step  1472774 | Ep 355500 | Return    47.21 | Steps   20 | Avg100 R=  37.06 L= 16.4
Step  1474849 | Ep 356000 | Return    58.41 | Steps   27 | Avg100 R=  36.80 L= 16.6
Step  1476907 | Ep 356500 | Return    35.68 | Steps   16 | Avg100 R=  37.89 L= 16.7
Step  1478964 | Ep 357000 | Return    33.68 | Steps   15 | Avg100 R=  37.73 L= 16.8
Step  1481069 | Ep 357500 | Return    27.18 | Steps   12 | Avg100 R=  37.16 L= 16.4
Step  1483114 | Ep 358000 | Return    28.86 | Steps   14 | Avg100 R=  35.88 L= 16.1
Step  1485151 | Ep 358500 | Return    24.07 | Steps   11 | Avg100 R=  36.62 L= 16.5
Step  1487196 | Ep 359000 | Return    31.35 | Steps   13 | Avg100 R=  37.58 L= 16.6
Step  1489247 | Ep 359500 | Return    53.14 | Steps   23 | Avg100 R=  36.41 L= 16.2
Step  1491292 | Ep 360000 | Return    35.26 | Steps   15 | Avg100 R=  35.38 L= 15.6
Step  1493320 | Ep 360500 | Return    36.41 | Steps   15 | Avg100 R=  37.26 L= 16.6
Step  1495389 | Ep 361000 | Return    33.91 | Steps   14 | Avg100 R=  36.74 L= 16.4
Step  1497468 | Ep 361500 | Return    38.90 | Steps   17 | Avg100 R=  37.73 L= 17.0
Step  1499574 | Ep 362000 | Return    48.46 | Steps   20 | Avg100 R=  38.06 L= 16.8
Step  1501651 | Ep 362500 | Return    36.26 | Steps   17 | Avg100 R=  36.68 L= 16.3
Checkpoint saved: models/ppo_v1/ckpt_step_1503232.pt
Step  1503688 | Ep 363000 | Return    35.73 | Steps   18 | Avg100 R=  37.48 L= 16.6
Step  1505745 | Ep 363500 | Return    25.08 | Steps   13 | Avg100 R=  34.91 L= 15.6
Step  1507828 | Ep 364000 | Return    29.04 | Steps   14 | Avg100 R=  37.50 L= 16.6
Step  1509942 | Ep 364500 | Return    35.15 | Steps   17 | Avg100 R=  37.97 L= 16.9
Step  1512019 | Ep 365000 | Return    24.11 | Steps   11 | Avg100 R=  36.32 L= 16.2
Step  1514119 | Ep 365500 | Return    51.09 | Steps   21 | Avg100 R=  38.12 L= 16.9
Step  1516223 | Ep 366000 | Return    33.45 | Steps   15 | Avg100 R=  39.71 L= 17.6
Step  1518331 | Ep 366500 | Return    22.12 | Steps   10 | Avg100 R=  39.36 L= 17.9
Step  1520411 | Ep 367000 | Return    31.86 | Steps   13 | Avg100 R=  36.14 L= 16.0
Step  1522490 | Ep 367500 | Return    52.57 | Steps   22 | Avg100 R=  35.30 L= 15.6
Step  1524568 | Ep 368000 | Return    23.54 | Steps   10 | Avg100 R=  36.33 L= 16.1
Step  1526667 | Ep 368500 | Return    51.74 | Steps   22 | Avg100 R=  37.01 L= 16.6
Step  1528728 | Ep 369000 | Return    40.18 | Steps   19 | Avg100 R=  37.42 L= 16.8
Step  1530854 | Ep 369500 | Return    24.42 | Steps   12 | Avg100 R=  37.36 L= 16.8
Step  1532956 | Ep 370000 | Return    20.02 | Steps    8 | Avg100 R=  37.18 L= 16.6
Step  1535036 | Ep 370500 | Return    30.61 | Steps   13 | Avg100 R=  36.01 L= 16.1
Step  1537114 | Ep 371000 | Return    27.33 | Steps   12 | Avg100 R=  37.29 L= 16.5
Step  1539207 | Ep 371500 | Return    37.97 | Steps   18 | Avg100 R=  37.81 L= 16.9
Step  1541307 | Ep 372000 | Return    42.88 | Steps   18 | Avg100 R=  37.59 L= 16.6
Step  1543374 | Ep 372500 | Return    39.51 | Steps   18 | Avg100 R=  36.99 L= 16.4
Step  1545454 | Ep 373000 | Return    26.84 | Steps   11 | Avg100 R=  38.82 L= 16.9
Step  1547512 | Ep 373500 | Return    52.79 | Steps   24 | Avg100 R=  37.63 L= 16.6
Step  1549628 | Ep 374000 | Return    50.31 | Steps   20 | Avg100 R=  38.11 L= 17.3
Step  1551676 | Ep 374500 | Return    30.34 | Steps   12 | Avg100 R=  36.28 L= 16.1
Step  1553752 | Ep 375000 | Return    51.48 | Steps   23 | Avg100 R=  36.54 L= 16.3
Step  1555784 | Ep 375500 | Return    67.51 | Steps   32 | Avg100 R=  36.07 L= 16.3
Step  1557870 | Ep 376000 | Return    41.89 | Steps   18 | Avg100 R=  36.85 L= 16.6
Step  1559942 | Ep 376500 | Return    32.29 | Steps   14 | Avg100 R=  36.92 L= 16.4
Step  1562001 | Ep 377000 | Return    50.06 | Steps   22 | Avg100 R=  37.73 L= 16.5
Step  1564135 | Ep 377500 | Return    54.62 | Steps   24 | Avg100 R=  37.87 L= 16.9
Step  1566219 | Ep 378000 | Return    31.83 | Steps   13 | Avg100 R=  37.32 L= 16.5
Step  1568271 | Ep 378500 | Return    42.31 | Steps   17 | Avg100 R=  38.52 L= 17.0
Step  1570354 | Ep 379000 | Return    36.50 | Steps   16 | Avg100 R=  37.95 L= 16.9
Step  1572424 | Ep 379500 | Return    43.63 | Steps   19 | Avg100 R=  36.88 L= 16.6
Step  1574469 | Ep 380000 | Return    35.48 | Steps   16 | Avg100 R=  36.89 L= 16.7
Step  1576499 | Ep 380500 | Return    43.05 | Steps   18 | Avg100 R=  35.97 L= 16.1
Step  1578612 | Ep 381000 | Return    33.19 | Steps   15 | Avg100 R=  36.85 L= 16.6
Step  1580686 | Ep 381500 | Return    33.32 | Steps   13 | Avg100 R=  36.68 L= 16.2
Step  1582761 | Ep 382000 | Return    22.78 | Steps   11 | Avg100 R=  38.34 L= 17.1
Step  1584810 | Ep 382500 | Return    38.61 | Steps   18 | Avg100 R=  37.41 L= 16.8
Step  1586846 | Ep 383000 | Return    48.56 | Steps   23 | Avg100 R=  35.24 L= 15.8
Step  1588888 | Ep 383500 | Return    35.14 | Steps   16 | Avg100 R=  37.13 L= 16.3
Step  1590917 | Ep 384000 | Return    47.92 | Steps   22 | Avg100 R=  37.72 L= 16.7
Step  1592920 | Ep 384500 | Return    50.08 | Steps   21 | Avg100 R=  36.55 L= 16.4
Step  1594997 | Ep 385000 | Return    53.03 | Steps   22 | Avg100 R=  36.95 L= 16.5
Step  1597140 | Ep 385500 | Return    22.13 | Steps   11 | Avg100 R=  38.35 L= 17.2
Step  1599180 | Ep 386000 | Return    27.09 | Steps   11 | Avg100 R=  36.69 L= 16.6
Step  1601177 | Ep 386500 | Return    23.27 | Steps    9 | Avg100 R=  33.62 L= 15.1
Step  1603236 | Ep 387000 | Return    30.91 | Steps   16 | Avg100 R=  36.92 L= 16.6
Step  1605297 | Ep 387500 | Return    26.36 | Steps   12 | Avg100 R=  37.80 L= 16.7
Step  1607344 | Ep 388000 | Return    30.65 | Steps   14 | Avg100 R=  34.80 L= 15.5
Step  1609390 | Ep 388500 | Return    32.75 | Steps   13 | Avg100 R=  36.33 L= 16.2
Step  1611397 | Ep 389000 | Return    40.73 | Steps   15 | Avg100 R=  35.09 L= 15.4
Step  1613488 | Ep 389500 | Return    29.48 | Steps   12 | Avg100 R=  36.69 L= 16.4
Step  1615497 | Ep 390000 | Return    29.85 | Steps   12 | Avg100 R=  37.55 L= 16.7
Step  1617538 | Ep 390500 | Return    28.96 | Steps   14 | Avg100 R=  37.29 L= 16.6
Step  1619543 | Ep 391000 | Return    40.57 | Steps   19 | Avg100 R=  36.20 L= 16.2
Step  1621550 | Ep 391500 | Return    59.08 | Steps   28 | Avg100 R=  36.36 L= 16.3
Step  1623597 | Ep 392000 | Return    58.65 | Steps   28 | Avg100 R=  36.84 L= 16.5
Step  1625658 | Ep 392500 | Return    30.72 | Steps   14 | Avg100 R=  38.37 L= 17.1
Step  1627663 | Ep 393000 | Return    35.38 | Steps   16 | Avg100 R=  33.74 L= 14.8
Step  1629711 | Ep 393500 | Return    29.78 | Steps   14 | Avg100 R=  36.64 L= 16.4
Step  1631762 | Ep 394000 | Return    25.34 | Steps   10 | Avg100 R=  38.55 L= 17.3
Step  1633811 | Ep 394500 | Return    25.62 | Steps   14 | Avg100 R=  35.50 L= 15.8
Step  1635829 | Ep 395000 | Return    39.95 | Steps   18 | Avg100 R=  36.11 L= 15.9
Step  1637820 | Ep 395500 | Return    35.51 | Steps   18 | Avg100 R=  36.18 L= 15.9
Step  1639808 | Ep 396000 | Return    34.84 | Steps   15 | Avg100 R=  36.40 L= 16.2
Step  1641787 | Ep 396500 | Return    34.04 | Steps   14 | Avg100 R=  33.97 L= 15.0
Step  1643758 | Ep 397000 | Return    38.67 | Steps   22 | Avg100 R=  35.95 L= 16.0
Step  1645721 | Ep 397500 | Return    36.67 | Steps   17 | Avg100 R=  34.92 L= 15.6
Step  1647758 | Ep 398000 | Return    39.75 | Steps   16 | Avg100 R=  35.68 L= 15.8
Step  1649779 | Ep 398500 | Return    52.12 | Steps   22 | Avg100 R=  36.24 L= 16.1
Step  1651818 | Ep 399000 | Return    31.98 | Steps   16 | Avg100 R=  34.75 L= 15.7
Step  1653789 | Ep 399500 | Return    56.97 | Steps   22 | Avg100 R=  35.21 L= 15.7
Step  1655845 | Ep 400000 | Return    35.37 | Steps   16 | Avg100 R=  36.60 L= 16.3
Step  1657863 | Ep 400500 | Return    28.70 | Steps   12 | Avg100 R=  33.99 L= 15.1
Step  1659888 | Ep 401000 | Return    52.84 | Steps   23 | Avg100 R=  36.85 L= 16.1
Step  1661889 | Ep 401500 | Return    40.85 | Steps   18 | Avg100 R=  35.28 L= 15.7
Step  1663958 | Ep 402000 | Return    26.38 | Steps   11 | Avg100 R=  37.13 L= 16.6
Step  1666039 | Ep 402500 | Return    25.85 | Steps   10 | Avg100 R=  37.35 L= 16.7
Step  1668114 | Ep 403000 | Return    35.38 | Steps   18 | Avg100 R=  36.01 L= 16.1
Step  1670122 | Ep 403500 | Return    26.51 | Steps   13 | Avg100 R=  35.99 L= 16.0
Step  1672149 | Ep 404000 | Return    39.85 | Steps   18 | Avg100 R=  34.90 L= 15.7
Step  1674170 | Ep 404500 | Return    60.08 | Steps   31 | Avg100 R=  37.39 L= 16.9
Step  1676182 | Ep 405000 | Return    27.10 | Steps   14 | Avg100 R=  36.88 L= 16.4
Step  1678214 | Ep 405500 | Return    44.39 | Steps   19 | Avg100 R=  37.55 L= 16.7
Step  1680288 | Ep 406000 | Return    50.78 | Steps   22 | Avg100 R=  37.09 L= 16.5
Step  1682278 | Ep 406500 | Return    36.37 | Steps   16 | Avg100 R=  36.76 L= 16.3
Step  1684370 | Ep 407000 | Return    43.07 | Steps   21 | Avg100 R=  37.97 L= 16.9
Step  1686387 | Ep 407500 | Return    70.51 | Steps   39 | Avg100 R=  36.22 L= 16.1
Step  1688455 | Ep 408000 | Return    27.37 | Steps   13 | Avg100 R=  35.59 L= 15.9
Step  1690515 | Ep 408500 | Return    47.70 | Steps   23 | Avg100 R=  36.63 L= 16.5
Step  1692557 | Ep 409000 | Return    45.41 | Steps   18 | Avg100 R=  36.79 L= 16.3
Step  1694630 | Ep 409500 | Return    31.21 | Steps   13 | Avg100 R=  39.02 L= 17.3
Step  1696656 | Ep 410000 | Return    13.95 | Steps    5 | Avg100 R=  36.15 L= 16.0
Step  1698692 | Ep 410500 | Return    60.68 | Steps   27 | Avg100 R=  36.93 L= 16.6
Step  1700692 | Ep 411000 | Return    41.32 | Steps   17 | Avg100 R=  35.97 L= 16.2
Step  1702745 | Ep 411500 | Return    29.58 | Steps   13 | Avg100 R=  38.02 L= 17.0
Step  1704813 | Ep 412000 | Return    24.77 | Steps   12 | Avg100 R=  36.50 L= 16.4
Step  1706801 | Ep 412500 | Return    32.46 | Steps   14 | Avg100 R=  33.82 L= 14.8
Step  1708805 | Ep 413000 | Return    48.09 | Steps   24 | Avg100 R=  37.72 L= 17.0
Step  1710819 | Ep 413500 | Return    26.35 | Steps   11 | Avg100 R=  34.82 L= 15.5
Step  1712831 | Ep 414000 | Return    58.67 | Steps   30 | Avg100 R=  38.03 L= 16.7
Step  1714850 | Ep 414500 | Return    60.82 | Steps   26 | Avg100 R=  35.80 L= 16.0
Step  1716870 | Ep 415000 | Return    31.35 | Steps   15 | Avg100 R=  37.37 L= 16.6
Step  1718884 | Ep 415500 | Return    35.71 | Steps   14 | Avg100 R=  36.64 L= 16.4
Step  1720884 | Ep 416000 | Return    27.16 | Steps   12 | Avg100 R=  35.91 L= 16.0
Step  1722926 | Ep 416500 | Return    31.12 | Steps   12 | Avg100 R=  37.95 L= 17.1
Step  1724994 | Ep 417000 | Return    26.67 | Steps   14 | Avg100 R=  37.19 L= 16.6
Step  1727001 | Ep 417500 | Return    58.05 | Steps   25 | Avg100 R=  37.05 L= 16.6
Step  1729005 | Ep 418000 | Return    41.28 | Steps   18 | Avg100 R=  36.21 L= 16.1
Step  1731040 | Ep 418500 | Return    38.55 | Steps   21 | Avg100 R=  37.91 L= 16.8
Step  1733033 | Ep 419000 | Return    28.08 | Steps   13 | Avg100 R=  35.84 L= 16.2
Step  1735079 | Ep 419500 | Return    27.32 | Steps   13 | Avg100 R=  37.29 L= 16.5
Step  1737145 | Ep 420000 | Return    42.16 | Steps   20 | Avg100 R=  36.40 L= 16.2
Step  1739233 | Ep 420500 | Return    44.11 | Steps   21 | Avg100 R=  37.76 L= 16.8
Step  1741242 | Ep 421000 | Return    42.45 | Steps   19 | Avg100 R=  34.76 L= 15.4
Step  1743232 | Ep 421500 | Return    29.65 | Steps   13 | Avg100 R=  36.54 L= 16.1
Step  1745272 | Ep 422000 | Return    46.12 | Steps   24 | Avg100 R=  37.14 L= 16.5
Step  1747327 | Ep 422500 | Return    31.27 | Steps   14 | Avg100 R=  37.14 L= 16.5
Step  1749380 | Ep 423000 | Return    37.22 | Steps   17 | Avg100 R=  36.98 L= 16.3
Step  1751434 | Ep 423500 | Return    21.45 | Steps   11 | Avg100 R=  38.11 L= 17.0
Step  1753397 | Ep 424000 | Return    35.57 | Steps   20 | Avg100 R=  37.50 L= 16.6
Step  1755448 | Ep 424500 | Return    40.59 | Steps   18 | Avg100 R=  34.87 L= 15.4
Step  1757486 | Ep 425000 | Return    29.96 | Steps   14 | Avg100 R=  37.63 L= 16.6
Step  1759483 | Ep 425500 | Return    42.42 | Steps   17 | Avg100 R=  37.50 L= 16.7
Step  1761620 | Ep 426000 | Return    40.20 | Steps   16 | Avg100 R=  39.38 L= 17.4
Step  1763653 | Ep 426500 | Return    28.03 | Steps   12 | Avg100 R=  34.06 L= 15.0
Step  1765685 | Ep 427000 | Return    29.02 | Steps   11 | Avg100 R=  36.60 L= 16.2
Step  1767679 | Ep 427500 | Return    43.18 | Steps   18 | Avg100 R=  35.39 L= 15.5
Step  1769716 | Ep 428000 | Return    39.21 | Steps   17 | Avg100 R=  36.96 L= 16.6
Step  1771758 | Ep 428500 | Return    44.73 | Steps   21 | Avg100 R=  37.40 L= 16.6
Step  1773819 | Ep 429000 | Return    26.91 | Steps   11 | Avg100 R=  36.68 L= 16.1
Step  1775891 | Ep 429500 | Return    23.69 | Steps   10 | Avg100 R=  36.20 L= 15.9
Step  1777928 | Ep 430000 | Return    42.89 | Steps   20 | Avg100 R=  35.59 L= 15.7
Step  1779953 | Ep 430500 | Return    47.44 | Steps   19 | Avg100 R=  34.97 L= 15.3
Step  1782010 | Ep 431000 | Return    29.81 | Steps   13 | Avg100 R=  36.36 L= 16.2
Step  1784011 | Ep 431500 | Return    39.99 | Steps   21 | Avg100 R=  36.17 L= 16.1
Step  1786040 | Ep 432000 | Return    32.23 | Steps   13 | Avg100 R=  36.18 L= 16.0
Step  1788049 | Ep 432500 | Return    43.81 | Steps   19 | Avg100 R=  36.57 L= 16.1
Step  1790090 | Ep 433000 | Return    61.36 | Steps   24 | Avg100 R=  38.64 L= 17.3
Step  1792112 | Ep 433500 | Return    30.53 | Steps   13 | Avg100 R=  35.32 L= 15.6
Step  1794126 | Ep 434000 | Return    38.13 | Steps   17 | Avg100 R=  34.58 L= 15.4
Step  1796151 | Ep 434500 | Return    25.32 | Steps   13 | Avg100 R=  35.61 L= 15.8
Step  1798159 | Ep 435000 | Return    27.70 | Steps   11 | Avg100 R=  35.88 L= 16.1
Step  1800159 | Ep 435500 | Return    21.41 | Steps    8 | Avg100 R=  36.22 L= 16.1
Step  1802187 | Ep 436000 | Return    47.01 | Steps   19 | Avg100 R=  38.66 L= 17.0
Step  1804213 | Ep 436500 | Return    45.01 | Steps   19 | Avg100 R=  34.50 L= 15.5
Step  1806242 | Ep 437000 | Return    36.49 | Steps   16 | Avg100 R=  36.32 L= 16.2
Step  1808301 | Ep 437500 | Return    87.32 | Steps   36 | Avg100 R=  37.30 L= 16.5
Step  1810298 | Ep 438000 | Return    26.31 | Steps   10 | Avg100 R=  37.37 L= 16.6
Step  1812336 | Ep 438500 | Return    23.85 | Steps   12 | Avg100 R=  36.24 L= 16.1
Step  1814410 | Ep 439000 | Return    19.09 | Steps    9 | Avg100 R=  35.49 L= 15.8
Step  1816481 | Ep 439500 | Return    26.93 | Steps   12 | Avg100 R=  36.57 L= 16.1
Step  1818516 | Ep 440000 | Return    47.63 | Steps   19 | Avg100 R=  36.88 L= 16.2
Step  1820538 | Ep 440500 | Return    28.92 | Steps   13 | Avg100 R=  37.59 L= 16.8
Step  1822572 | Ep 441000 | Return    41.60 | Steps   18 | Avg100 R=  36.32 L= 16.2
Step  1824616 | Ep 441500 | Return    42.42 | Steps   21 | Avg100 R=  37.09 L= 16.2
Step  1826644 | Ep 442000 | Return    31.26 | Steps   12 | Avg100 R=  36.25 L= 16.2
Step  1828690 | Ep 442500 | Return    43.09 | Steps   18 | Avg100 R=  37.73 L= 16.7
Step  1830715 | Ep 443000 | Return    31.76 | Steps   14 | Avg100 R=  39.35 L= 17.3
Step  1832728 | Ep 443500 | Return    31.21 | Steps   14 | Avg100 R=  36.11 L= 15.9
Step  1834776 | Ep 444000 | Return    39.66 | Steps   19 | Avg100 R=  34.82 L= 15.4
Step  1836779 | Ep 444500 | Return    43.26 | Steps   17 | Avg100 R=  34.63 L= 15.5
Step  1838868 | Ep 445000 | Return    32.71 | Steps   13 | Avg100 R=  38.62 L= 17.0
Step  1840917 | Ep 445500 | Return    25.35 | Steps   12 | Avg100 R=  38.22 L= 16.9
Step  1842970 | Ep 446000 | Return    37.26 | Steps   16 | Avg100 R=  36.67 L= 16.1
Step  1844971 | Ep 446500 | Return    50.49 | Steps   20 | Avg100 R=  36.57 L= 16.4
Step  1846986 | Ep 447000 | Return    54.11 | Steps   25 | Avg100 R=  36.87 L= 16.2
Step  1849018 | Ep 447500 | Return    32.16 | Steps   16 | Avg100 R=  37.31 L= 16.3
Step  1851036 | Ep 448000 | Return    33.98 | Steps   15 | Avg100 R=  37.94 L= 17.1
Step  1853048 | Ep 448500 | Return    23.59 | Steps   11 | Avg100 R=  36.02 L= 16.0
Step  1855085 | Ep 449000 | Return    35.98 | Steps   15 | Avg100 R=  36.78 L= 16.4
Step  1857094 | Ep 449500 | Return    40.58 | Steps   20 | Avg100 R=  36.47 L= 16.2
Step  1859101 | Ep 450000 | Return    32.12 | Steps   13 | Avg100 R=  37.47 L= 16.5
Step  1861120 | Ep 450500 | Return    27.22 | Steps   13 | Avg100 R=  36.54 L= 16.1
Step  1863126 | Ep 451000 | Return    34.15 | Steps   16 | Avg100 R=  36.88 L= 16.3
Step  1865142 | Ep 451500 | Return    59.71 | Steps   26 | Avg100 R=  35.69 L= 16.0
Step  1867175 | Ep 452000 | Return    18.58 | Steps    7 | Avg100 R=  35.80 L= 15.7
Step  1869167 | Ep 452500 | Return    48.21 | Steps   19 | Avg100 R=  35.58 L= 15.9
Step  1871169 | Ep 453000 | Return    36.65 | Steps   15 | Avg100 R=  34.36 L= 15.3
Step  1873150 | Ep 453500 | Return    26.99 | Steps   12 | Avg100 R=  34.22 L= 15.2
Step  1875156 | Ep 454000 | Return    28.01 | Steps   12 | Avg100 R=  35.21 L= 15.6
Step  1877178 | Ep 454500 | Return    33.18 | Steps   15 | Avg100 R=  36.33 L= 16.1
Step  1879207 | Ep 455000 | Return    38.58 | Steps   16 | Avg100 R=  37.71 L= 16.7
Step  1881277 | Ep 455500 | Return    33.96 | Steps   15 | Avg100 R=  38.03 L= 17.0
Step  1883229 | Ep 456000 | Return    37.44 | Steps   17 | Avg100 R=  36.01 L= 15.9
Step  1885255 | Ep 456500 | Return    37.29 | Steps   15 | Avg100 R=  35.45 L= 15.6
Step  1887341 | Ep 457000 | Return    24.23 | Steps   12 | Avg100 R=  38.00 L= 16.9
Step  1889389 | Ep 457500 | Return    44.72 | Steps   21 | Avg100 R=  37.31 L= 16.6
Step  1891420 | Ep 458000 | Return    40.37 | Steps   16 | Avg100 R=  37.05 L= 16.1
Step  1893473 | Ep 458500 | Return    18.41 | Steps    7 | Avg100 R=  37.97 L= 16.5
Step  1895517 | Ep 459000 | Return    24.97 | Steps   12 | Avg100 R=  38.00 L= 16.7
Step  1897625 | Ep 459500 | Return    48.78 | Steps   23 | Avg100 R=  38.75 L= 17.4
Step  1899666 | Ep 460000 | Return    31.11 | Steps   15 | Avg100 R=  35.96 L= 15.7
Step  1901657 | Ep 460500 | Return    23.74 | Steps   11 | Avg100 R=  37.69 L= 16.5
Step  1903677 | Ep 461000 | Return    53.03 | Steps   22 | Avg100 R=  38.28 L= 17.0
Step  1905699 | Ep 461500 | Return    27.75 | Steps   13 | Avg100 R=  35.33 L= 15.7
Step  1907782 | Ep 462000 | Return    36.34 | Steps   18 | Avg100 R=  37.40 L= 16.5
Step  1909836 | Ep 462500 | Return    40.00 | Steps   18 | Avg100 R=  38.11 L= 16.7
Step  1911845 | Ep 463000 | Return    51.39 | Steps   27 | Avg100 R=  36.38 L= 16.0
Step  1913886 | Ep 463500 | Return    33.46 | Steps   16 | Avg100 R=  37.07 L= 16.6
Step  1915939 | Ep 464000 | Return    30.73 | Steps   14 | Avg100 R=  34.93 L= 15.4
Step  1917917 | Ep 464500 | Return    45.28 | Steps   20 | Avg100 R=  37.07 L= 16.4
Step  1919949 | Ep 465000 | Return    33.79 | Steps   17 | Avg100 R=  36.83 L= 16.2
Step  1922030 | Ep 465500 | Return    40.56 | Steps   19 | Avg100 R=  37.38 L= 16.6
Step  1924027 | Ep 466000 | Return    55.92 | Steps   25 | Avg100 R=  35.49 L= 15.8
Step  1926058 | Ep 466500 | Return    32.61 | Steps   13 | Avg100 R=  35.86 L= 15.9
Step  1928096 | Ep 467000 | Return    40.84 | Steps   18 | Avg100 R=  36.67 L= 16.2
Step  1930136 | Ep 467500 | Return    29.27 | Steps   13 | Avg100 R=  37.26 L= 16.5
Step  1932104 | Ep 468000 | Return    45.55 | Steps   18 | Avg100 R=  35.57 L= 15.7
Step  1934136 | Ep 468500 | Return    28.38 | Steps   13 | Avg100 R=  36.91 L= 16.6
Step  1936134 | Ep 469000 | Return    29.48 | Steps   13 | Avg100 R=  35.97 L= 15.9
Step  1938160 | Ep 469500 | Return    34.09 | Steps   14 | Avg100 R=  36.28 L= 16.1
Step  1940178 | Ep 470000 | Return    37.09 | Steps   17 | Avg100 R=  36.26 L= 15.9
Step  1942204 | Ep 470500 | Return    58.51 | Steps   25 | Avg100 R=  37.45 L= 16.6
Step  1944250 | Ep 471000 | Return    25.23 | Steps   11 | Avg100 R=  36.26 L= 16.1
Step  1946362 | Ep 471500 | Return    33.65 | Steps   17 | Avg100 R=  37.62 L= 16.8
Step  1948396 | Ep 472000 | Return    29.03 | Steps   13 | Avg100 R=  38.32 L= 17.0
Step  1950441 | Ep 472500 | Return    18.54 | Steps   10 | Avg100 R=  37.26 L= 16.4
Step  1952434 | Ep 473000 | Return    27.71 | Steps   12 | Avg100 R=  35.33 L= 15.7
Step  1954439 | Ep 473500 | Return    32.07 | Steps   14 | Avg100 R=  38.29 L= 17.0
Step  1956462 | Ep 474000 | Return    25.34 | Steps   11 | Avg100 R=  35.50 L= 15.6
Step  1958522 | Ep 474500 | Return    67.56 | Steps   32 | Avg100 R=  37.17 L= 16.4
Step  1960545 | Ep 475000 | Return    33.13 | Steps   16 | Avg100 R=  36.25 L= 15.9
Step  1962560 | Ep 475500 | Return    22.41 | Steps   10 | Avg100 R=  36.67 L= 16.0
Step  1964547 | Ep 476000 | Return    31.60 | Steps   16 | Avg100 R=  35.05 L= 15.6
Step  1966527 | Ep 476500 | Return    27.65 | Steps   12 | Avg100 R=  35.36 L= 15.7
Step  1968561 | Ep 477000 | Return    49.75 | Steps   21 | Avg100 R=  36.75 L= 16.2
Step  1970617 | Ep 477500 | Return    30.67 | Steps   14 | Avg100 R=  37.56 L= 16.5
Step  1972622 | Ep 478000 | Return    28.58 | Steps   12 | Avg100 R=  37.14 L= 16.3
Step  1974660 | Ep 478500 | Return    37.11 | Steps   17 | Avg100 R=  36.52 L= 16.0
Step  1976685 | Ep 479000 | Return    36.32 | Steps   17 | Avg100 R=  36.71 L= 16.1
Step  1978725 | Ep 479500 | Return    33.07 | Steps   15 | Avg100 R=  38.54 L= 17.1
Step  1980763 | Ep 480000 | Return    42.33 | Steps   18 | Avg100 R=  36.34 L= 16.1
Step  1982802 | Ep 480500 | Return    34.38 | Steps   16 | Avg100 R=  36.72 L= 16.3
Step  1984875 | Ep 481000 | Return    38.65 | Steps   16 | Avg100 R=  37.02 L= 16.3
Step  1986926 | Ep 481500 | Return    58.69 | Steps   27 | Avg100 R=  37.63 L= 16.6
Step  1988942 | Ep 482000 | Return    38.53 | Steps   17 | Avg100 R=  36.12 L= 15.9
Step  1990994 | Ep 482500 | Return    26.79 | Steps   12 | Avg100 R=  36.40 L= 16.2
Step  1993003 | Ep 483000 | Return    42.35 | Steps   17 | Avg100 R=  34.40 L= 15.1
Step  1995042 | Ep 483500 | Return    50.51 | Steps   23 | Avg100 R=  38.53 L= 17.1
Step  1997043 | Ep 484000 | Return    35.58 | Steps   16 | Avg100 R=  35.42 L= 15.5
Step  1999051 | Ep 484500 | Return    46.87 | Steps   20 | Avg100 R=  37.18 L= 16.5
Step  2001053 | Ep 485000 | Return    46.95 | Steps   20 | Avg100 R=  37.29 L= 16.3
Step  2003038 | Ep 485500 | Return    26.38 | Steps   10 | Avg100 R=  33.98 L= 14.9
Step  2005084 | Ep 486000 | Return    61.56 | Steps   34 | Avg100 R=  36.10 L= 16.2
Step  2007135 | Ep 486500 | Return    69.72 | Steps   30 | Avg100 R=  37.41 L= 16.5
Step  2009161 | Ep 487000 | Return    41.01 | Steps   19 | Avg100 R=  35.09 L= 15.7
Step  2011170 | Ep 487500 | Return    61.88 | Steps   27 | Avg100 R=  36.89 L= 16.1
Step  2013205 | Ep 488000 | Return    46.31 | Steps   21 | Avg100 R=  38.03 L= 17.0
Step  2015248 | Ep 488500 | Return    29.15 | Steps   14 | Avg100 R=  37.20 L= 16.6
Step  2017276 | Ep 489000 | Return    30.01 | Steps   13 | Avg100 R=  37.52 L= 16.7
Step  2019319 | Ep 489500 | Return    32.64 | Steps   14 | Avg100 R=  36.55 L= 16.4
Step  2021372 | Ep 490000 | Return    25.45 | Steps   10 | Avg100 R=  38.44 L= 17.2
Step  2023336 | Ep 490500 | Return    24.59 | Steps   10 | Avg100 R=  34.93 L= 15.3
Step  2025394 | Ep 491000 | Return    47.56 | Steps   21 | Avg100 R=  36.82 L= 16.3
Step  2027379 | Ep 491500 | Return    36.61 | Steps   16 | Avg100 R=  36.91 L= 16.5
Step  2029411 | Ep 492000 | Return    36.11 | Steps   16 | Avg100 R=  38.35 L= 17.3
Step  2031440 | Ep 492500 | Return    37.76 | Steps   19 | Avg100 R=  37.33 L= 16.8
Step  2033450 | Ep 493000 | Return    33.85 | Steps   13 | Avg100 R=  35.61 L= 15.6
Step  2035467 | Ep 493500 | Return    24.44 | Steps   13 | Avg100 R=  36.84 L= 16.2
Step  2037501 | Ep 494000 | Return    50.59 | Steps   22 | Avg100 R=  35.91 L= 16.2
Step  2039516 | Ep 494500 | Return    35.97 | Steps   17 | Avg100 R=  36.57 L= 16.4
Step  2041549 | Ep 495000 | Return    44.83 | Steps   21 | Avg100 R=  35.49 L= 15.9
Step  2043551 | Ep 495500 | Return    23.60 | Steps   12 | Avg100 R=  36.04 L= 15.9
Step  2045540 | Ep 496000 | Return    39.90 | Steps   17 | Avg100 R=  36.83 L= 16.4
Step  2047586 | Ep 496500 | Return    30.02 | Steps   14 | Avg100 R=  37.45 L= 16.8
Step  2049553 | Ep 497000 | Return    43.01 | Steps   20 | Avg100 R=  36.35 L= 16.1
Step  2051555 | Ep 497500 | Return    36.41 | Steps   17 | Avg100 R=  35.33 L= 15.7
Step  2053608 | Ep 498000 | Return    26.42 | Steps   11 | Avg100 R=  37.47 L= 16.6
Step  2055654 | Ep 498500 | Return    39.93 | Steps   16 | Avg100 R=  38.09 L= 17.0
Step  2057652 | Ep 499000 | Return    41.43 | Steps   20 | Avg100 R=  36.61 L= 16.2
Step  2059643 | Ep 499500 | Return    21.95 | Steps   12 | Avg100 R=  35.97 L= 15.6
Step  2061671 | Ep 500000 | Return    40.38 | Steps   17 | Avg100 R=  37.99 L= 16.6
Step  2063703 | Ep 500500 | Return    31.26 | Steps   12 | Avg100 R=  38.05 L= 16.8
Step  2065702 | Ep 501000 | Return    34.98 | Steps   14 | Avg100 R=  34.20 L= 15.2
Step  2067703 | Ep 501500 | Return    39.31 | Steps   18 | Avg100 R=  36.15 L= 16.1
Step  2069698 | Ep 502000 | Return    21.58 | Steps   10 | Avg100 R=  35.19 L= 15.5
Step  2071687 | Ep 502500 | Return    56.94 | Steps   22 | Avg100 R=  35.24 L= 15.7
Step  2073781 | Ep 503000 | Return    18.73 | Steps    8 | Avg100 R=  36.96 L= 16.2
Step  2075769 | Ep 503500 | Return    27.14 | Steps   14 | Avg100 R=  36.11 L= 16.0
Step  2077794 | Ep 504000 | Return    23.32 | Steps    9 | Avg100 R=  35.95 L= 15.9
Step  2079753 | Ep 504500 | Return    32.45 | Steps   15 | Avg100 R=  35.52 L= 15.8
Step  2081742 | Ep 505000 | Return    47.55 | Steps   21 | Avg100 R=  35.35 L= 15.4
Step  2083745 | Ep 505500 | Return    26.14 | Steps   10 | Avg100 R=  34.19 L= 15.1
Step  2085731 | Ep 506000 | Return    22.03 | Steps   10 | Avg100 R=  36.44 L= 16.4
Step  2087745 | Ep 506500 | Return    42.71 | Steps   17 | Avg100 R=  38.29 L= 16.7
Step  2089753 | Ep 507000 | Return    19.18 | Steps    8 | Avg100 R=  35.34 L= 15.9
Step  2091756 | Ep 507500 | Return    59.55 | Steps   30 | Avg100 R=  35.73 L= 16.1
Step  2093782 | Ep 508000 | Return    43.24 | Steps   20 | Avg100 R=  37.36 L= 16.7
Step  2095820 | Ep 508500 | Return    22.45 | Steps   11 | Avg100 R=  36.46 L= 16.3
Step  2097881 | Ep 509000 | Return    49.05 | Steps   19 | Avg100 R=  39.12 L= 17.4
Step  2099954 | Ep 509500 | Return    31.27 | Steps   15 | Avg100 R=  35.07 L= 15.8
Step  2101999 | Ep 510000 | Return    30.62 | Steps   14 | Avg100 R=  35.87 L= 15.9
Step  2103990 | Ep 510500 | Return    25.42 | Steps   12 | Avg100 R=  34.82 L= 15.5
Step  2106016 | Ep 511000 | Return    36.80 | Steps   16 | Avg100 R=  37.18 L= 16.3
Step  2108020 | Ep 511500 | Return    21.64 | Steps   10 | Avg100 R=  36.88 L= 16.4
Step  2110051 | Ep 512000 | Return    35.47 | Steps   16 | Avg100 R=  36.47 L= 16.1
Step  2112097 | Ep 512500 | Return    45.86 | Steps   19 | Avg100 R=  36.66 L= 16.3
Step  2114167 | Ep 513000 | Return    35.18 | Steps   16 | Avg100 R=  36.23 L= 16.2
Step  2116192 | Ep 513500 | Return    54.43 | Steps   26 | Avg100 R=  35.12 L= 15.7
Step  2118233 | Ep 514000 | Return    30.70 | Steps   14 | Avg100 R=  36.89 L= 16.6
Step  2120269 | Ep 514500 | Return    35.42 | Steps   15 | Avg100 R=  37.65 L= 16.8
Step  2122282 | Ep 515000 | Return    27.71 | Steps   13 | Avg100 R=  36.40 L= 16.0
Step  2124335 | Ep 515500 | Return    34.10 | Steps   14 | Avg100 R=  36.92 L= 16.5
Step  2126400 | Ep 516000 | Return    40.46 | Steps   18 | Avg100 R=  33.92 L= 15.2
Step  2128446 | Ep 516500 | Return    21.43 | Steps    8 | Avg100 R=  36.27 L= 15.9
Step  2130468 | Ep 517000 | Return    47.17 | Steps   19 | Avg100 R=  36.94 L= 16.3
Step  2132462 | Ep 517500 | Return    34.33 | Steps   16 | Avg100 R=  36.40 L= 16.1
Step  2134448 | Ep 518000 | Return    39.45 | Steps   18 | Avg100 R=  35.23 L= 15.9
Step  2136493 | Ep 518500 | Return    27.89 | Steps   11 | Avg100 R=  38.53 L= 16.9
Step  2138535 | Ep 519000 | Return    40.43 | Steps   15 | Avg100 R=  36.06 L= 15.9
Step  2140532 | Ep 519500 | Return    37.47 | Steps   15 | Avg100 R=  36.70 L= 16.5
Step  2142515 | Ep 520000 | Return    32.51 | Steps   14 | Avg100 R=  35.62 L= 15.7
Step  2144528 | Ep 520500 | Return    37.01 | Steps   16 | Avg100 R=  33.93 L= 14.9
Step  2146491 | Ep 521000 | Return    32.06 | Steps   15 | Avg100 R=  34.49 L= 15.2
Step  2148506 | Ep 521500 | Return    24.99 | Steps   12 | Avg100 R=  34.99 L= 15.5
Step  2150518 | Ep 522000 | Return    32.43 | Steps   13 | Avg100 R=  35.51 L= 15.6
Step  2152516 | Ep 522500 | Return    49.52 | Steps   25 | Avg100 R=  36.42 L= 16.3
Step  2154549 | Ep 523000 | Return    33.91 | Steps   16 | Avg100 R=  36.59 L= 16.3
Step  2156597 | Ep 523500 | Return    21.68 | Steps   11 | Avg100 R=  39.35 L= 17.2
Step  2158574 | Ep 524000 | Return    26.18 | Steps   12 | Avg100 R=  37.12 L= 16.4
Step  2160545 | Ep 524500 | Return    34.88 | Steps   16 | Avg100 R=  34.33 L= 15.2
Step  2162568 | Ep 525000 | Return    18.98 | Steps    8 | Avg100 R=  36.15 L= 16.3
Step  2164596 | Ep 525500 | Return    28.38 | Steps   14 | Avg100 R=  36.40 L= 16.3
Step  2166615 | Ep 526000 | Return    34.86 | Steps   15 | Avg100 R=  37.14 L= 16.6
Step  2168697 | Ep 526500 | Return    44.35 | Steps   20 | Avg100 R=  37.68 L= 16.8
Step  2170684 | Ep 527000 | Return    25.50 | Steps   13 | Avg100 R=  35.40 L= 15.9
Step  2172675 | Ep 527500 | Return    23.46 | Steps   10 | Avg100 R=  36.85 L= 16.5
Step  2174762 | Ep 528000 | Return    22.99 | Steps    9 | Avg100 R=  37.09 L= 16.3
Step  2176781 | Ep 528500 | Return    55.90 | Steps   26 | Avg100 R=  37.04 L= 16.5
Step  2178787 | Ep 529000 | Return    22.59 | Steps   10 | Avg100 R=  35.03 L= 15.4
Step  2180810 | Ep 529500 | Return    35.66 | Steps   17 | Avg100 R=  36.79 L= 16.3
Step  2182885 | Ep 530000 | Return    40.48 | Steps   18 | Avg100 R=  38.57 L= 17.0
Step  2184917 | Ep 530500 | Return    37.52 | Steps   20 | Avg100 R=  37.98 L= 16.7
Step  2186952 | Ep 531000 | Return    32.60 | Steps   13 | Avg100 R=  37.22 L= 16.4
Step  2188985 | Ep 531500 | Return    39.79 | Steps   18 | Avg100 R=  36.01 L= 16.2
Step  2190985 | Ep 532000 | Return    73.86 | Steps   31 | Avg100 R=  36.47 L= 16.2
Step  2193062 | Ep 532500 | Return    32.97 | Steps   13 | Avg100 R=  37.55 L= 16.6
Step  2195082 | Ep 533000 | Return    35.88 | Steps   19 | Avg100 R=  37.63 L= 16.8
Step  2197108 | Ep 533500 | Return    25.37 | Steps   14 | Avg100 R=  36.85 L= 16.4
Step  2199115 | Ep 534000 | Return    39.09 | Steps   19 | Avg100 R=  35.23 L= 15.6
Step  2201115 | Ep 534500 | Return    47.36 | Steps   21 | Avg100 R=  36.53 L= 16.3
Step  2203161 | Ep 535000 | Return    39.79 | Steps   18 | Avg100 R=  37.64 L= 16.7
Step  2205233 | Ep 535500 | Return    37.84 | Steps   18 | Avg100 R=  36.71 L= 16.3
Step  2207303 | Ep 536000 | Return    34.20 | Steps   14 | Avg100 R=  39.74 L= 17.6
Step  2209359 | Ep 536500 | Return    66.97 | Steps   30 | Avg100 R=  39.51 L= 17.4
Step  2211399 | Ep 537000 | Return    31.97 | Steps   13 | Avg100 R=  35.67 L= 15.9
Step  2213432 | Ep 537500 | Return    29.53 | Steps   12 | Avg100 R=  37.82 L= 16.7
Step  2215458 | Ep 538000 | Return    34.95 | Steps   16 | Avg100 R=  36.69 L= 16.4
Step  2217512 | Ep 538500 | Return    50.93 | Steps   23 | Avg100 R=  35.82 L= 15.7
Step  2219560 | Ep 539000 | Return    71.78 | Steps   29 | Avg100 R=  36.01 L= 15.8
Step  2221633 | Ep 539500 | Return    36.67 | Steps   17 | Avg100 R=  36.51 L= 16.2
Step  2223665 | Ep 540000 | Return    39.10 | Steps   17 | Avg100 R=  36.08 L= 15.8
Step  2225686 | Ep 540500 | Return    35.20 | Steps   14 | Avg100 R=  35.77 L= 15.9
Step  2227754 | Ep 541000 | Return    38.49 | Steps   18 | Avg100 R=  37.53 L= 16.6
Step  2229793 | Ep 541500 | Return    54.45 | Steps   25 | Avg100 R=  36.75 L= 16.2
Step  2231833 | Ep 542000 | Return    43.10 | Steps   17 | Avg100 R=  35.68 L= 16.0
Step  2233888 | Ep 542500 | Return    35.73 | Steps   17 | Avg100 R=  36.56 L= 16.2
Step  2235899 | Ep 543000 | Return    32.95 | Steps   13 | Avg100 R=  36.62 L= 16.2
Step  2237971 | Ep 543500 | Return    29.61 | Steps   12 | Avg100 R=  37.56 L= 16.7
Step  2240046 | Ep 544000 | Return    53.96 | Steps   23 | Avg100 R=  36.77 L= 16.5
Step  2242076 | Ep 544500 | Return    33.53 | Steps   17 | Avg100 R=  35.76 L= 15.9
Step  2244173 | Ep 545000 | Return    69.37 | Steps   31 | Avg100 R=  38.25 L= 17.0
Step  2246224 | Ep 545500 | Return    42.74 | Steps   20 | Avg100 R=  36.67 L= 16.6
Step  2248290 | Ep 546000 | Return    39.20 | Steps   18 | Avg100 R=  37.54 L= 16.8
Step  2250337 | Ep 546500 | Return    29.08 | Steps   13 | Avg100 R=  37.17 L= 16.7
Step  2252407 | Ep 547000 | Return    40.60 | Steps   20 | Avg100 R=  36.48 L= 16.3
Checkpoint saved: models/ppo_v1/ckpt_step_2252800.pt
Step  2254455 | Ep 547500 | Return    40.02 | Steps   18 | Avg100 R=  35.54 L= 15.9
Step  2256459 | Ep 548000 | Return    38.31 | Steps   18 | Avg100 R=  35.11 L= 15.9
Step  2258539 | Ep 548500 | Return    36.59 | Steps   18 | Avg100 R=  37.09 L= 16.6
Step  2260600 | Ep 549000 | Return    31.60 | Steps   14 | Avg100 R=  36.92 L= 16.3
Step  2262657 | Ep 549500 | Return    36.38 | Steps   16 | Avg100 R=  36.51 L= 16.3
Step  2264707 | Ep 550000 | Return    30.98 | Steps   13 | Avg100 R=  35.56 L= 15.8
Step  2266755 | Ep 550500 | Return    29.66 | Steps   13 | Avg100 R=  35.08 L= 15.7
Step  2268798 | Ep 551000 | Return    28.86 | Steps   13 | Avg100 R=  36.88 L= 16.5
Step  2270822 | Ep 551500 | Return    39.15 | Steps   16 | Avg100 R=  37.06 L= 16.4
Step  2272863 | Ep 552000 | Return    30.77 | Steps   12 | Avg100 R=  36.30 L= 16.2
Step  2274867 | Ep 552500 | Return    40.20 | Steps   19 | Avg100 R=  35.00 L= 15.9
Step  2276834 | Ep 553000 | Return    21.83 | Steps   10 | Avg100 R=  34.86 L= 15.4
Step  2278806 | Ep 553500 | Return    52.10 | Steps   21 | Avg100 R=  36.83 L= 16.5
Step  2280808 | Ep 554000 | Return    22.84 | Steps    9 | Avg100 R=  35.09 L= 15.5
Step  2282838 | Ep 554500 | Return    25.07 | Steps   13 | Avg100 R=  36.50 L= 16.1
Step  2284873 | Ep 555000 | Return    35.50 | Steps   14 | Avg100 R=  36.44 L= 16.3
Step  2286860 | Ep 555500 | Return    39.23 | Steps   18 | Avg100 R=  35.27 L= 15.4
Step  2288923 | Ep 556000 | Return    34.97 | Steps   14 | Avg100 R=  37.39 L= 16.5
Step  2290866 | Ep 556500 | Return    27.57 | Steps   12 | Avg100 R=  35.72 L= 16.1
Step  2292878 | Ep 557000 | Return    43.90 | Steps   21 | Avg100 R=  38.11 L= 17.1
Step  2294878 | Ep 557500 | Return    28.66 | Steps   14 | Avg100 R=  33.81 L= 15.1
Step  2296901 | Ep 558000 | Return    40.21 | Steps   18 | Avg100 R=  36.37 L= 16.2
Step  2298967 | Ep 558500 | Return    39.61 | Steps   22 | Avg100 R=  36.23 L= 16.2
Step  2300953 | Ep 559000 | Return    31.34 | Steps   14 | Avg100 R=  36.67 L= 16.4
Step  2303054 | Ep 559500 | Return    28.58 | Steps   13 | Avg100 R=  37.47 L= 16.6
Step  2305066 | Ep 560000 | Return    28.86 | Steps   12 | Avg100 R=  35.40 L= 15.8
Step  2307072 | Ep 560500 | Return    40.03 | Steps   15 | Avg100 R=  36.01 L= 16.0
Step  2309097 | Ep 561000 | Return    34.68 | Steps   16 | Avg100 R=  36.76 L= 16.4
Step  2311085 | Ep 561500 | Return    28.11 | Steps   11 | Avg100 R=  35.49 L= 15.7
Step  2313106 | Ep 562000 | Return    25.32 | Steps   10 | Avg100 R=  36.61 L= 16.2
Step  2315099 | Ep 562500 | Return    32.02 | Steps   18 | Avg100 R=  35.70 L= 16.0
Step  2317146 | Ep 563000 | Return    83.08 | Steps   41 | Avg100 R=  37.67 L= 16.8
Step  2319202 | Ep 563500 | Return    35.14 | Steps   17 | Avg100 R=  37.30 L= 16.9
Step  2321245 | Ep 564000 | Return    45.43 | Steps   18 | Avg100 R=  36.93 L= 16.6
Step  2323264 | Ep 564500 | Return    26.50 | Steps   12 | Avg100 R=  37.31 L= 16.8
Step  2325289 | Ep 565000 | Return    50.49 | Steps   23 | Avg100 R=  37.84 L= 17.2
Step  2327301 | Ep 565500 | Return    40.48 | Steps   16 | Avg100 R=  35.54 L= 15.6
Step  2329353 | Ep 566000 | Return    45.90 | Steps   20 | Avg100 R=  36.44 L= 16.2
Step  2331362 | Ep 566500 | Return    34.90 | Steps   16 | Avg100 R=  35.06 L= 15.7
Step  2333381 | Ep 567000 | Return    29.92 | Steps   15 | Avg100 R=  34.51 L= 15.5
Step  2335399 | Ep 567500 | Return    31.60 | Steps   12 | Avg100 R=  35.32 L= 15.7
Step  2337385 | Ep 568000 | Return    24.95 | Steps   10 | Avg100 R=  34.85 L= 15.5
Step  2339379 | Ep 568500 | Return    37.61 | Steps   15 | Avg100 R=  36.75 L= 16.1
Step  2341378 | Ep 569000 | Return    20.82 | Steps   10 | Avg100 R=  35.91 L= 15.9
Step  2343457 | Ep 569500 | Return    35.49 | Steps   15 | Avg100 R=  36.69 L= 16.2
Step  2345410 | Ep 570000 | Return    26.58 | Steps   10 | Avg100 R=  35.45 L= 15.6
Step  2347458 | Ep 570500 | Return    28.92 | Steps   14 | Avg100 R=  36.97 L= 16.5
Step  2349491 | Ep 571000 | Return    44.44 | Steps   20 | Avg100 R=  36.37 L= 15.8
Step  2351501 | Ep 571500 | Return    41.01 | Steps   18 | Avg100 R=  35.50 L= 15.7
Step  2353508 | Ep 572000 | Return    18.66 | Steps   10 | Avg100 R=  35.26 L= 15.8
Step  2355603 | Ep 572500 | Return    31.58 | Steps   13 | Avg100 R=  37.89 L= 17.0
Step  2357595 | Ep 573000 | Return    34.99 | Steps   17 | Avg100 R=  34.60 L= 15.4
Step  2359632 | Ep 573500 | Return    25.87 | Steps   11 | Avg100 R=  37.08 L= 16.3
Step  2361683 | Ep 574000 | Return    34.34 | Steps   15 | Avg100 R=  37.50 L= 16.9
Step  2363730 | Ep 574500 | Return    41.11 | Steps   17 | Avg100 R=  36.70 L= 16.4
Step  2365759 | Ep 575000 | Return    37.62 | Steps   17 | Avg100 R=  37.18 L= 16.4
Step  2367807 | Ep 575500 | Return    34.42 | Steps   16 | Avg100 R=  35.35 L= 15.4
Step  2369816 | Ep 576000 | Return    27.46 | Steps   11 | Avg100 R=  34.98 L= 15.4
Step  2371842 | Ep 576500 | Return    40.02 | Steps   17 | Avg100 R=  37.82 L= 16.8
Step  2373895 | Ep 577000 | Return    36.89 | Steps   16 | Avg100 R=  38.06 L= 17.1
Step  2375879 | Ep 577500 | Return    41.09 | Steps   19 | Avg100 R=  35.54 L= 15.9
Step  2377914 | Ep 578000 | Return    26.61 | Steps   12 | Avg100 R=  37.13 L= 16.7
Step  2379957 | Ep 578500 | Return    32.41 | Steps   14 | Avg100 R=  36.23 L= 16.3
Step  2382009 | Ep 579000 | Return    26.13 | Steps   13 | Avg100 R=  37.48 L= 16.7
Step  2384001 | Ep 579500 | Return    41.94 | Steps   19 | Avg100 R=  36.77 L= 16.2
Step  2386009 | Ep 580000 | Return    29.98 | Steps   11 | Avg100 R=  36.01 L= 16.0
Step  2388029 | Ep 580500 | Return    26.91 | Steps   10 | Avg100 R=  37.78 L= 16.9
Step  2390048 | Ep 581000 | Return    34.91 | Steps   15 | Avg100 R=  37.02 L= 16.6
Step  2392080 | Ep 581500 | Return    38.06 | Steps   17 | Avg100 R=  35.98 L= 15.9
Step  2394070 | Ep 582000 | Return    29.91 | Steps   14 | Avg100 R=  36.73 L= 16.2
Step  2396083 | Ep 582500 | Return    43.95 | Steps   24 | Avg100 R=  35.71 L= 15.8
Step  2398138 | Ep 583000 | Return    34.51 | Steps   15 | Avg100 R=  37.36 L= 16.6
Step  2400163 | Ep 583500 | Return    43.75 | Steps   17 | Avg100 R=  37.65 L= 16.5
Step  2402189 | Ep 584000 | Return    29.24 | Steps   11 | Avg100 R=  34.85 L= 15.5
Step  2404227 | Ep 584500 | Return    54.71 | Steps   23 | Avg100 R=  36.96 L= 16.5
Step  2406251 | Ep 585000 | Return    34.90 | Steps   15 | Avg100 R=  36.80 L= 16.5
Step  2408275 | Ep 585500 | Return    26.48 | Steps   10 | Avg100 R=  37.70 L= 16.7
Step  2410244 | Ep 586000 | Return    33.85 | Steps   15 | Avg100 R=  36.44 L= 16.0
Step  2412294 | Ep 586500 | Return    35.16 | Steps   18 | Avg100 R=  35.95 L= 16.2
Step  2414305 | Ep 587000 | Return    54.64 | Steps   25 | Avg100 R=  36.39 L= 16.2
Step  2416353 | Ep 587500 | Return    46.60 | Steps   25 | Avg100 R=  37.65 L= 16.7
Step  2418427 | Ep 588000 | Return    36.10 | Steps   17 | Avg100 R=  36.24 L= 16.1
Step  2420418 | Ep 588500 | Return    39.76 | Steps   16 | Avg100 R=  35.83 L= 15.8
Step  2422427 | Ep 589000 | Return    34.50 | Steps   13 | Avg100 R=  36.91 L= 16.4
Step  2424471 | Ep 589500 | Return    26.06 | Steps   12 | Avg100 R=  37.20 L= 16.6
Step  2426502 | Ep 590000 | Return    32.46 | Steps   14 | Avg100 R=  37.33 L= 16.4
Step  2428539 | Ep 590500 | Return    43.96 | Steps   20 | Avg100 R=  35.88 L= 15.8
Step  2430544 | Ep 591000 | Return    17.69 | Steps    7 | Avg100 R=  35.90 L= 16.0
Step  2432575 | Ep 591500 | Return    29.79 | Steps   13 | Avg100 R=  34.79 L= 15.3
Step  2434612 | Ep 592000 | Return    36.98 | Steps   17 | Avg100 R=  37.85 L= 16.8
Step  2436601 | Ep 592500 | Return    32.59 | Steps   14 | Avg100 R=  36.15 L= 15.8
Step  2438631 | Ep 593000 | Return    25.29 | Steps   12 | Avg100 R=  36.00 L= 16.0
Step  2440681 | Ep 593500 | Return    50.35 | Steps   24 | Avg100 R=  37.65 L= 17.0
Step  2442682 | Ep 594000 | Return    26.69 | Steps   13 | Avg100 R=  36.69 L= 16.4
Step  2444739 | Ep 594500 | Return    36.64 | Steps   18 | Avg100 R=  37.65 L= 16.8
Step  2446705 | Ep 595000 | Return    37.63 | Steps   17 | Avg100 R=  35.26 L= 15.6
Step  2448699 | Ep 595500 | Return    32.63 | Steps   15 | Avg100 R=  36.07 L= 16.0
Step  2450747 | Ep 596000 | Return    26.21 | Steps   14 | Avg100 R=  35.68 L= 16.0
Step  2452781 | Ep 596500 | Return    53.60 | Steps   25 | Avg100 R=  37.24 L= 16.7
Step  2454806 | Ep 597000 | Return    38.35 | Steps   15 | Avg100 R=  38.83 L= 17.2
Step  2456827 | Ep 597500 | Return    54.04 | Steps   25 | Avg100 R=  37.38 L= 16.7
Step  2458812 | Ep 598000 | Return    21.95 | Steps    9 | Avg100 R=  36.46 L= 16.2
Step  2460803 | Ep 598500 | Return    30.15 | Steps   17 | Avg100 R=  37.01 L= 16.6
Step  2462892 | Ep 599000 | Return    26.50 | Steps   13 | Avg100 R=  37.33 L= 16.7
Step  2464934 | Ep 599500 | Return    33.23 | Steps   14 | Avg100 R=  35.51 L= 15.7
Step  2466953 | Ep 600000 | Return    33.54 | Steps   15 | Avg100 R=  33.68 L= 15.0
Step  2468945 | Ep 600500 | Return    33.64 | Steps   16 | Avg100 R=  34.44 L= 15.3
Step  2470966 | Ep 601000 | Return    34.83 | Steps   16 | Avg100 R=  34.03 L= 15.2
Step  2472978 | Ep 601500 | Return    31.69 | Steps   16 | Avg100 R=  35.80 L= 15.8
Step  2475010 | Ep 602000 | Return    22.85 | Steps   10 | Avg100 R=  36.25 L= 16.3
Step  2477063 | Ep 602500 | Return    40.54 | Steps   16 | Avg100 R=  36.75 L= 16.3
Step  2479086 | Ep 603000 | Return    50.77 | Steps   21 | Avg100 R=  35.74 L= 15.7
Step  2481080 | Ep 603500 | Return    26.05 | Steps   13 | Avg100 R=  35.67 L= 15.8
Step  2483071 | Ep 604000 | Return    19.49 | Steps   10 | Avg100 R=  36.17 L= 16.1
Step  2485134 | Ep 604500 | Return    39.75 | Steps   17 | Avg100 R=  36.96 L= 16.3
Step  2487156 | Ep 605000 | Return    38.76 | Steps   18 | Avg100 R=  35.24 L= 15.7
Step  2489157 | Ep 605500 | Return    36.41 | Steps   18 | Avg100 R=  37.65 L= 16.7
Step  2491209 | Ep 606000 | Return    46.48 | Steps   20 | Avg100 R=  35.67 L= 15.9
Step  2493269 | Ep 606500 | Return    43.84 | Steps   18 | Avg100 R=  38.19 L= 17.0
Step  2495319 | Ep 607000 | Return    41.51 | Steps   18 | Avg100 R=  36.41 L= 16.2
Step  2497339 | Ep 607500 | Return    39.90 | Steps   17 | Avg100 R=  37.30 L= 16.6
Step  2499364 | Ep 608000 | Return    32.48 | Steps   13 | Avg100 R=  35.98 L= 16.0
Step  2501429 | Ep 608500 | Return    45.59 | Steps   19 | Avg100 R=  38.35 L= 17.1
Step  2503473 | Ep 609000 | Return    46.25 | Steps   21 | Avg100 R=  36.94 L= 16.5
Step  2505515 | Ep 609500 | Return    47.71 | Steps   22 | Avg100 R=  37.75 L= 16.7
Step  2507581 | Ep 610000 | Return    27.06 | Steps   12 | Avg100 R=  35.58 L= 15.9
Step  2509646 | Ep 610500 | Return    54.49 | Steps   25 | Avg100 R=  38.10 L= 16.7
Step  2511682 | Ep 611000 | Return    34.78 | Steps   15 | Avg100 R=  36.54 L= 16.0
Step  2513721 | Ep 611500 | Return    23.39 | Steps    9 | Avg100 R=  36.48 L= 16.1
Step  2515730 | Ep 612000 | Return    32.85 | Steps   18 | Avg100 R=  35.42 L= 15.8
Step  2517772 | Ep 612500 | Return    36.71 | Steps   14 | Avg100 R=  36.64 L= 16.1
Step  2519787 | Ep 613000 | Return    46.27 | Steps   21 | Avg100 R=  37.09 L= 16.4
Step  2521786 | Ep 613500 | Return    35.19 | Steps   16 | Avg100 R=  35.38 L= 15.7
Step  2523795 | Ep 614000 | Return    42.38 | Steps   18 | Avg100 R=  36.18 L= 16.3
Step  2525836 | Ep 614500 | Return    53.87 | Steps   24 | Avg100 R=  37.48 L= 16.7
Step  2527824 | Ep 615000 | Return    38.29 | Steps   20 | Avg100 R=  38.74 L= 17.2
Step  2529822 | Ep 615500 | Return    35.57 | Steps   15 | Avg100 R=  35.17 L= 15.9
Step  2531878 | Ep 616000 | Return    25.42 | Steps   10 | Avg100 R=  37.41 L= 16.7
Step  2533852 | Ep 616500 | Return    33.98 | Steps   17 | Avg100 R=  34.24 L= 15.3
Step  2535913 | Ep 617000 | Return    39.70 | Steps   18 | Avg100 R=  36.62 L= 16.3
Step  2537929 | Ep 617500 | Return    28.14 | Steps   15 | Avg100 R=  37.35 L= 16.7
Step  2539942 | Ep 618000 | Return    27.95 | Steps   12 | Avg100 R=  37.20 L= 16.5
Step  2541941 | Ep 618500 | Return    28.73 | Steps   15 | Avg100 R=  35.68 L= 16.0
Step  2543993 | Ep 619000 | Return    46.94 | Steps   20 | Avg100 R=  35.66 L= 15.8
Step  2546035 | Ep 619500 | Return    36.15 | Steps   16 | Avg100 R=  35.97 L= 16.2
Step  2548044 | Ep 620000 | Return    24.18 | Steps   12 | Avg100 R=  37.17 L= 16.2
Step  2550046 | Ep 620500 | Return    52.00 | Steps   25 | Avg100 R=  36.65 L= 16.4
Step  2552081 | Ep 621000 | Return    49.82 | Steps   20 | Avg100 R=  34.63 L= 15.5
Step  2554176 | Ep 621500 | Return    47.88 | Steps   21 | Avg100 R=  37.94 L= 17.0
Step  2556230 | Ep 622000 | Return    35.59 | Steps   16 | Avg100 R=  37.81 L= 17.1
Step  2558254 | Ep 622500 | Return    34.75 | Steps   16 | Avg100 R=  37.76 L= 16.8
Step  2560317 | Ep 623000 | Return    30.82 | Steps   16 | Avg100 R=  36.82 L= 16.6
Step  2562361 | Ep 623500 | Return    27.24 | Steps   13 | Avg100 R=  35.75 L= 16.2
Step  2564416 | Ep 624000 | Return    42.17 | Steps   19 | Avg100 R=  37.57 L= 17.0
Step  2566478 | Ep 624500 | Return    33.59 | Steps   15 | Avg100 R=  38.46 L= 17.0
Step  2568573 | Ep 625000 | Return    30.30 | Steps   13 | Avg100 R=  36.58 L= 16.4
Step  2570637 | Ep 625500 | Return    30.64 | Steps   12 | Avg100 R=  36.20 L= 16.2
Step  2572682 | Ep 626000 | Return    43.30 | Steps   19 | Avg100 R=  35.94 L= 16.0
Step  2574785 | Ep 626500 | Return    32.48 | Steps   13 | Avg100 R=  37.29 L= 16.4
Step  2576837 | Ep 627000 | Return    57.30 | Steps   29 | Avg100 R=  36.44 L= 16.6
Step  2578873 | Ep 627500 | Return    43.06 | Steps   19 | Avg100 R=  37.29 L= 16.9
Step  2580879 | Ep 628000 | Return    43.51 | Steps   19 | Avg100 R=  34.92 L= 15.9
Step  2582881 | Ep 628500 | Return    21.57 | Steps    8 | Avg100 R=  37.79 L= 16.7
Step  2584912 | Ep 629000 | Return    30.33 | Steps   14 | Avg100 R=  36.95 L= 16.5
Step  2587006 | Ep 629500 | Return    37.54 | Steps   16 | Avg100 R=  38.22 L= 17.0
Step  2588995 | Ep 630000 | Return    28.82 | Steps   14 | Avg100 R=  35.61 L= 15.9
Step  2591002 | Ep 630500 | Return    34.01 | Steps   14 | Avg100 R=  36.54 L= 16.2
Step  2593043 | Ep 631000 | Return    28.46 | Steps   13 | Avg100 R=  36.00 L= 16.1
Step  2595083 | Ep 631500 | Return    36.26 | Steps   17 | Avg100 R=  36.79 L= 16.3
Step  2597139 | Ep 632000 | Return    35.18 | Steps   14 | Avg100 R=  36.45 L= 16.0
Step  2599218 | Ep 632500 | Return    60.36 | Steps   24 | Avg100 R=  36.34 L= 16.3
Step  2601293 | Ep 633000 | Return    49.32 | Steps   22 | Avg100 R=  37.52 L= 16.6
Step  2603301 | Ep 633500 | Return    25.97 | Steps   11 | Avg100 R=  35.15 L= 16.0
Step  2605344 | Ep 634000 | Return    40.65 | Steps   18 | Avg100 R=  36.39 L= 16.1
Step  2607392 | Ep 634500 | Return    29.89 | Steps   12 | Avg100 R=  37.35 L= 16.5
Step  2609465 | Ep 635000 | Return    41.80 | Steps   19 | Avg100 R=  35.80 L= 16.1
Step  2611526 | Ep 635500 | Return    39.15 | Steps   17 | Avg100 R=  36.97 L= 16.4
Step  2613601 | Ep 636000 | Return    31.46 | Steps   16 | Avg100 R=  38.18 L= 17.0
Step  2615636 | Ep 636500 | Return    39.75 | Steps   20 | Avg100 R=  35.13 L= 15.6
Step  2617717 | Ep 637000 | Return    33.26 | Steps   13 | Avg100 R=  37.65 L= 16.7
Step  2619792 | Ep 637500 | Return    41.47 | Steps   17 | Avg100 R=  35.61 L= 15.7
Step  2621871 | Ep 638000 | Return    50.43 | Steps   22 | Avg100 R=  37.48 L= 16.7
Step  2623901 | Ep 638500 | Return    33.35 | Steps   16 | Avg100 R=  35.00 L= 15.8
Step  2625917 | Ep 639000 | Return    27.06 | Steps   13 | Avg100 R=  36.72 L= 16.5
Step  2627975 | Ep 639500 | Return    30.96 | Steps   12 | Avg100 R=  36.20 L= 16.0
Step  2630022 | Ep 640000 | Return    41.57 | Steps   18 | Avg100 R=  36.88 L= 16.5
Step  2632055 | Ep 640500 | Return    38.29 | Steps   18 | Avg100 R=  35.08 L= 15.9
Step  2634071 | Ep 641000 | Return    68.47 | Steps   32 | Avg100 R=  35.88 L= 15.9
Step  2636130 | Ep 641500 | Return    61.79 | Steps   28 | Avg100 R=  36.71 L= 16.4
Step  2638147 | Ep 642000 | Return    28.17 | Steps   14 | Avg100 R=  36.48 L= 16.2
Step  2640226 | Ep 642500 | Return    53.35 | Steps   26 | Avg100 R=  36.95 L= 16.4
Step  2642269 | Ep 643000 | Return    30.00 | Steps   17 | Avg100 R=  37.28 L= 16.7
Step  2644313 | Ep 643500 | Return    29.04 | Steps   12 | Avg100 R=  37.19 L= 16.6
Step  2646341 | Ep 644000 | Return    31.35 | Steps   13 | Avg100 R=  35.74 L= 16.0
Step  2648394 | Ep 644500 | Return    39.22 | Steps   18 | Avg100 R=  35.99 L= 16.3
Step  2650387 | Ep 645000 | Return    28.35 | Steps   14 | Avg100 R=  36.31 L= 16.2
Step  2652418 | Ep 645500 | Return    35.42 | Steps   18 | Avg100 R=  36.73 L= 16.4
Step  2654489 | Ep 646000 | Return    39.00 | Steps   18 | Avg100 R=  37.10 L= 16.5
Step  2656496 | Ep 646500 | Return    31.93 | Steps   14 | Avg100 R=  36.05 L= 16.1
Step  2658537 | Ep 647000 | Return    36.25 | Steps   16 | Avg100 R=  38.16 L= 17.1
Step  2660574 | Ep 647500 | Return    45.23 | Steps   19 | Avg100 R=  36.76 L= 16.5
Step  2662634 | Ep 648000 | Return    30.82 | Steps   13 | Avg100 R=  36.67 L= 16.3
Step  2664660 | Ep 648500 | Return    35.14 | Steps   15 | Avg100 R=  36.93 L= 16.2
Step  2666712 | Ep 649000 | Return    37.83 | Steps   17 | Avg100 R=  36.54 L= 16.2
Step  2668757 | Ep 649500 | Return    37.31 | Steps   17 | Avg100 R=  36.90 L= 16.5
Step  2670746 | Ep 650000 | Return    26.62 | Steps   11 | Avg100 R=  36.21 L= 15.9
Step  2672799 | Ep 650500 | Return    26.92 | Steps   13 | Avg100 R=  37.36 L= 16.5
Step  2674841 | Ep 651000 | Return    22.78 | Steps   11 | Avg100 R=  36.24 L= 16.2
Step  2676829 | Ep 651500 | Return    80.18 | Steps   39 | Avg100 R=  35.36 L= 15.8
Step  2678833 | Ep 652000 | Return    27.89 | Steps   11 | Avg100 R=  35.10 L= 15.8
Step  2680833 | Ep 652500 | Return    27.48 | Steps   12 | Avg100 R=  35.21 L= 15.7
Step  2682849 | Ep 653000 | Return    33.13 | Steps   15 | Avg100 R=  37.35 L= 16.5
Step  2684901 | Ep 653500 | Return    21.23 | Steps    8 | Avg100 R=  36.86 L= 16.5
Step  2686925 | Ep 654000 | Return    29.95 | Steps   16 | Avg100 R=  34.49 L= 15.4
Step  2688922 | Ep 654500 | Return    33.21 | Steps   14 | Avg100 R=  34.74 L= 15.5
Step  2690929 | Ep 655000 | Return    23.94 | Steps    9 | Avg100 R=  35.63 L= 15.7
Step  2693005 | Ep 655500 | Return    39.40 | Steps   18 | Avg100 R=  37.68 L= 17.0
Step  2695038 | Ep 656000 | Return    58.04 | Steps   31 | Avg100 R=  36.43 L= 16.2
Step  2697025 | Ep 656500 | Return    30.64 | Steps   13 | Avg100 R=  34.95 L= 15.4
Step  2698994 | Ep 657000 | Return    41.08 | Steps   19 | Avg100 R=  35.92 L= 16.0
Step  2700986 | Ep 657500 | Return    22.88 | Steps    9 | Avg100 R=  35.68 L= 15.8
Step  2702998 | Ep 658000 | Return    32.34 | Steps   15 | Avg100 R=  36.49 L= 16.4
Step  2705003 | Ep 658500 | Return    40.63 | Steps   17 | Avg100 R=  36.51 L= 16.1
Step  2706986 | Ep 659000 | Return    29.72 | Steps   11 | Avg100 R=  34.96 L= 15.4
Step  2709022 | Ep 659500 | Return    28.86 | Steps   13 | Avg100 R=  35.57 L= 15.8
Step  2710985 | Ep 660000 | Return    38.37 | Steps   17 | Avg100 R=  35.24 L= 15.4
Step  2713005 | Ep 660500 | Return    26.09 | Steps   11 | Avg100 R=  35.98 L= 16.1
Step  2715025 | Ep 661000 | Return    28.42 | Steps   11 | Avg100 R=  37.56 L= 16.9
Step  2717023 | Ep 661500 | Return    21.71 | Steps    8 | Avg100 R=  36.15 L= 16.0
Step  2719042 | Ep 662000 | Return    29.28 | Steps   14 | Avg100 R=  36.05 L= 16.0
Step  2721049 | Ep 662500 | Return    23.40 | Steps   11 | Avg100 R=  34.99 L= 15.4
Step  2723086 | Ep 663000 | Return    41.58 | Steps   18 | Avg100 R=  36.85 L= 16.3
Step  2725132 | Ep 663500 | Return    31.24 | Steps   15 | Avg100 R=  36.96 L= 16.2
Step  2727164 | Ep 664000 | Return    33.55 | Steps   13 | Avg100 R=  36.60 L= 16.6
Step  2729171 | Ep 664500 | Return    20.67 | Steps    8 | Avg100 R=  35.00 L= 15.5
Step  2731207 | Ep 665000 | Return    52.83 | Steps   24 | Avg100 R=  37.32 L= 16.3
Step  2733241 | Ep 665500 | Return    29.42 | Steps   12 | Avg100 R=  36.14 L= 16.0
Step  2735258 | Ep 666000 | Return    33.96 | Steps   13 | Avg100 R=  35.41 L= 15.7
Step  2737284 | Ep 666500 | Return    37.05 | Steps   14 | Avg100 R=  36.94 L= 16.4
Step  2739360 | Ep 667000 | Return    40.43 | Steps   18 | Avg100 R=  38.31 L= 17.0
Step  2741412 | Ep 667500 | Return    29.47 | Steps   13 | Avg100 R=  36.24 L= 16.0
Step  2743467 | Ep 668000 | Return    26.99 | Steps   12 | Avg100 R=  38.15 L= 17.0
Step  2745499 | Ep 668500 | Return    54.03 | Steps   25 | Avg100 R=  36.46 L= 16.1
Step  2747577 | Ep 669000 | Return    69.46 | Steps   32 | Avg100 R=  38.47 L= 17.1
Step  2749593 | Ep 669500 | Return    41.34 | Steps   20 | Avg100 R=  37.59 L= 16.8
Step  2751645 | Ep 670000 | Return    57.41 | Steps   25 | Avg100 R=  37.29 L= 16.4
Step  2753718 | Ep 670500 | Return    20.52 | Steps    8 | Avg100 R=  37.38 L= 16.4
Step  2755723 | Ep 671000 | Return    32.67 | Steps   15 | Avg100 R=  35.14 L= 15.5
Step  2757754 | Ep 671500 | Return    36.04 | Steps   14 | Avg100 R=  36.87 L= 16.3
Step  2759784 | Ep 672000 | Return    26.06 | Steps   13 | Avg100 R=  35.24 L= 15.6
Step  2761779 | Ep 672500 | Return    21.63 | Steps   11 | Avg100 R=  36.51 L= 16.3
Step  2763773 | Ep 673000 | Return    38.37 | Steps   15 | Avg100 R=  35.93 L= 16.0
Step  2765810 | Ep 673500 | Return    72.01 | Steps   32 | Avg100 R=  36.72 L= 16.3
Step  2767862 | Ep 674000 | Return    32.38 | Steps   15 | Avg100 R=  36.32 L= 16.1
Step  2769892 | Ep 674500 | Return    20.49 | Steps   11 | Avg100 R=  35.52 L= 15.8
Step  2771878 | Ep 675000 | Return    42.05 | Steps   18 | Avg100 R=  34.98 L= 15.5
Step  2773893 | Ep 675500 | Return    22.75 | Steps   10 | Avg100 R=  34.65 L= 15.2
Step  2775914 | Ep 676000 | Return    29.68 | Steps   12 | Avg100 R=  34.60 L= 15.2
Step  2777955 | Ep 676500 | Return    39.82 | Steps   19 | Avg100 R=  38.06 L= 17.0
Step  2779959 | Ep 677000 | Return    50.40 | Steps   24 | Avg100 R=  37.48 L= 16.7
Step  2781957 | Ep 677500 | Return    35.98 | Steps   16 | Avg100 R=  37.52 L= 16.7
Step  2783975 | Ep 678000 | Return    65.84 | Steps   27 | Avg100 R=  36.81 L= 16.2
Step  2785979 | Ep 678500 | Return    29.18 | Steps   15 | Avg100 R=  37.09 L= 16.4
Step  2787979 | Ep 679000 | Return    32.73 | Steps   16 | Avg100 R=  37.34 L= 16.5
Step  2789982 | Ep 679500 | Return    36.28 | Steps   17 | Avg100 R=  34.56 L= 15.6
Step  2792039 | Ep 680000 | Return    28.90 | Steps   11 | Avg100 R=  36.17 L= 16.0
Step  2794074 | Ep 680500 | Return    43.25 | Steps   18 | Avg100 R=  37.95 L= 17.2
Step  2796129 | Ep 681000 | Return    38.12 | Steps   20 | Avg100 R=  37.13 L= 16.6
Step  2798118 | Ep 681500 | Return    26.07 | Steps   12 | Avg100 R=  33.60 L= 15.0
Step  2800149 | Ep 682000 | Return    27.56 | Steps   12 | Avg100 R=  37.22 L= 16.6
Step  2802164 | Ep 682500 | Return    29.46 | Steps   12 | Avg100 R=  34.21 L= 15.2
Step  2804223 | Ep 683000 | Return    30.89 | Steps   14 | Avg100 R=  35.92 L= 16.0
Step  2806231 | Ep 683500 | Return    38.44 | Steps   16 | Avg100 R=  34.04 L= 14.9
Step  2808262 | Ep 684000 | Return    31.79 | Steps   16 | Avg100 R=  35.96 L= 15.9
Step  2810267 | Ep 684500 | Return    38.25 | Steps   18 | Avg100 R=  35.84 L= 16.0wandb: updating run metadata
wandb: uploading history steps 668049-668085, summary, console lines 1472-1472
wandb: 
wandb: Run history:
wandb:          agent/entropy ▁▂▃▄▄▄▄▅▆▆▇▇▇▇▇▇▇▇██████████████████████
wandb:      agent/policy_loss ▁▁▁▁▁▁▂▁▂▁▁▂▂▁▂▂▂▁▂▂▂▂▂▂▂▂▂▂▂▂▂▂▆▂▂▂▂█▂▃
wandb:       agent/value_loss ▆▇▇█▇▇▆▆▅▄▄▄▄▅▃▄▄▃▄▃▃▃▃▃▃▃▃▃▂▃▃▂▁▂▃▃▃▃▃▂
wandb:               env_step ▁▁▂▂▂▂▂▃▃▃▃▃▃▄▄▄▄▄▄▄▄▄▅▅▅▆▆▆▆▆▆▆▇▇██████
wandb: episode/avg_return_100 ▇▅▆█▆▅█▅▇▆▅█▁▆▇▄▅▆▅▇▆▄▇█▃▇▄▅▁▂▄▇▅▄▃▅▂▄▄▅
wandb:  episode/avg_steps_100 ▃▇▇▅▅▇▃▄██▇▅▅▅▄▃▆▇▂█▇▃▄▄▇█▆▆▄▅▃▅▅▃▃▃▅▅▄▁
wandb:            episode/num ▁▁▁▁▁▁▂▂▂▂▂▂▃▃▃▃▃▄▄▄▄▄▅▅▅▆▆▆▆▆▇▇▇▇▇▇████
wandb:         episode/return ▂▃▄▅▄▃▃▂▃▇▂▃▄▃▂▆▂▃▄▄▂▂▃▄▃▅█▁▂▂▄▃▁▂▅▃▂▄▄▁
wandb:          episode/steps ▃▂▂▂▄▂▂▂▃▄▄▃▄▃▁▄▃▃▁▄▃█▄▃▄▆▁▆▁▆▄▂▃▃▂▃▄▁▂▆
wandb:     episode/terminated ▁▁▁▁▁▁▁▁▁▁▁▁▁▁▁▁▁▁▁▁▁▁▁▁▁▁▁▁▁▁▁▁▁▁▁▁▁▁▁▁
wandb: 
wandb: Run summary:
wandb:          agent/entropy 46.81224
wandb:      agent/policy_loss 0.12278
wandb:       agent/value_loss 217.41723
wandb:               env_step 3002367
wandb: episode/avg_return_100 36.61103
wandb:  episode/avg_steps_100 16.12
wandb:            episode/num 731604
wandb:         episode/return 46.98713
wandb:          episode/steps 23
wandb:     episode/terminated 1
wandb: 
wandb: 🚀 View run ppo_v1 at: https://wandb.ai/vkalva-carnegie-mellon-university/locomimic/runs/g28gr9c0
wandb: ⭐️ View project at: https://wandb.ai/vkalva-carnegie-mellon-university/locomimic
wandb: Synced 5 W&B file(s), 0 media file(s), 0 artifact file(s) and 0 other file(s)
wandb: Find logs at: ./wandb/run-20260322_233647-g28gr9c0/logs

Step  2812277 | Ep 685000 | Return    74.47 | Steps   35 | Avg100 R=  36.74 L= 16.2
Step  2814336 | Ep 685500 | Return    32.13 | Steps   13 | Avg100 R=  37.55 L= 16.7
Step  2816384 | Ep 686000 | Return    34.32 | Steps   14 | Avg100 R=  35.94 L= 15.9
Step  2818387 | Ep 686500 | Return    33.80 | Steps   15 | Avg100 R=  36.14 L= 16.1
Step  2820458 | Ep 687000 | Return    30.23 | Steps   14 | Avg100 R=  36.26 L= 16.1
Step  2822501 | Ep 687500 | Return    46.49 | Steps   23 | Avg100 R=  35.69 L= 15.9
Step  2824573 | Ep 688000 | Return    24.21 | Steps   10 | Avg100 R=  38.85 L= 17.1
Step  2826589 | Ep 688500 | Return    32.33 | Steps   16 | Avg100 R=  35.13 L= 15.6
Step  2828661 | Ep 689000 | Return    44.95 | Steps   20 | Avg100 R=  38.66 L= 17.3
Step  2830699 | Ep 689500 | Return    33.13 | Steps   16 | Avg100 R=  37.00 L= 16.5
Step  2832712 | Ep 690000 | Return    43.35 | Steps   20 | Avg100 R=  37.19 L= 16.6
Step  2834680 | Ep 690500 | Return    31.59 | Steps   14 | Avg100 R=  36.79 L= 16.6
Step  2836714 | Ep 691000 | Return    36.08 | Steps   16 | Avg100 R=  37.08 L= 16.6
Step  2838715 | Ep 691500 | Return    30.53 | Steps   12 | Avg100 R=  35.69 L= 16.0
Step  2840782 | Ep 692000 | Return    30.80 | Steps   16 | Avg100 R=  35.73 L= 16.0
Step  2842838 | Ep 692500 | Return    24.66 | Steps   10 | Avg100 R=  36.58 L= 16.3
Step  2844841 | Ep 693000 | Return    49.51 | Steps   22 | Avg100 R=  35.42 L= 16.0
Step  2846931 | Ep 693500 | Return    25.79 | Steps   13 | Avg100 R=  35.79 L= 16.0
Step  2848973 | Ep 694000 | Return    46.00 | Steps   20 | Avg100 R=  36.60 L= 16.0
Step  2851011 | Ep 694500 | Return    24.06 | Steps   10 | Avg100 R=  36.65 L= 16.4
Step  2853044 | Ep 695000 | Return    32.12 | Steps   13 | Avg100 R=  36.31 L= 16.3
Step  2855084 | Ep 695500 | Return    32.19 | Steps   14 | Avg100 R=  37.05 L= 16.5
Step  2857104 | Ep 696000 | Return    23.56 | Steps   10 | Avg100 R=  35.62 L= 15.9
Step  2859116 | Ep 696500 | Return    24.66 | Steps   11 | Avg100 R=  34.74 L= 15.5
Step  2861137 | Ep 697000 | Return    36.61 | Steps   17 | Avg100 R=  33.99 L= 15.4
Step  2863181 | Ep 697500 | Return    52.56 | Steps   22 | Avg100 R=  36.73 L= 16.4
Step  2865188 | Ep 698000 | Return    26.29 | Steps   12 | Avg100 R=  35.39 L= 15.7
Step  2867234 | Ep 698500 | Return    37.82 | Steps   17 | Avg100 R=  35.30 L= 15.8
Step  2869262 | Ep 699000 | Return    33.82 | Steps   15 | Avg100 R=  36.01 L= 16.0
Step  2871282 | Ep 699500 | Return    32.51 | Steps   16 | Avg100 R=  35.59 L= 15.8
Step  2873304 | Ep 700000 | Return    61.90 | Steps   24 | Avg100 R=  35.82 L= 15.9
Step  2875378 | Ep 700500 | Return    35.43 | Steps   14 | Avg100 R=  37.75 L= 16.9
Step  2877373 | Ep 701000 | Return    43.92 | Steps   18 | Avg100 R=  36.06 L= 16.0
Step  2879369 | Ep 701500 | Return    48.75 | Steps   19 | Avg100 R=  36.08 L= 15.9
Step  2881369 | Ep 702000 | Return    40.03 | Steps   18 | Avg100 R=  37.54 L= 16.7
Step  2883387 | Ep 702500 | Return    34.96 | Steps   18 | Avg100 R=  36.21 L= 16.1
Step  2885462 | Ep 703000 | Return    30.11 | Steps   14 | Avg100 R=  36.53 L= 16.5
Step  2887533 | Ep 703500 | Return    44.53 | Steps   21 | Avg100 R=  35.92 L= 16.0
Step  2889567 | Ep 704000 | Return    41.68 | Steps   20 | Avg100 R=  36.03 L= 16.0
Step  2891562 | Ep 704500 | Return    16.90 | Steps    6 | Avg100 R=  35.46 L= 15.7
Step  2893625 | Ep 705000 | Return    32.76 | Steps   15 | Avg100 R=  36.17 L= 16.3
Step  2895659 | Ep 705500 | Return    65.34 | Steps   26 | Avg100 R=  38.99 L= 17.3
Step  2897763 | Ep 706000 | Return    42.06 | Steps   22 | Avg100 R=  38.28 L= 16.9
Step  2899791 | Ep 706500 | Return    51.65 | Steps   20 | Avg100 R=  34.95 L= 15.2
Step  2901878 | Ep 707000 | Return    45.69 | Steps   20 | Avg100 R=  37.85 L= 16.8
Step  2903970 | Ep 707500 | Return    40.95 | Steps   17 | Avg100 R=  36.69 L= 16.5
Step  2906036 | Ep 708000 | Return    47.94 | Steps   22 | Avg100 R=  36.41 L= 16.4
Step  2908041 | Ep 708500 | Return    31.09 | Steps   14 | Avg100 R=  35.08 L= 15.6
Step  2910127 | Ep 709000 | Return    45.57 | Steps   22 | Avg100 R=  36.70 L= 16.2
Step  2912127 | Ep 709500 | Return    30.96 | Steps   13 | Avg100 R=  36.48 L= 16.2
Step  2914168 | Ep 710000 | Return    47.68 | Steps   20 | Avg100 R=  37.35 L= 16.7
Step  2916198 | Ep 710500 | Return    42.14 | Steps   21 | Avg100 R=  36.45 L= 16.2
Step  2918271 | Ep 711000 | Return    29.84 | Steps   13 | Avg100 R=  36.51 L= 16.0
Step  2920272 | Ep 711500 | Return    36.69 | Steps   17 | Avg100 R=  35.69 L= 15.9
Step  2922308 | Ep 712000 | Return    35.24 | Steps   19 | Avg100 R=  36.03 L= 15.9
Step  2924339 | Ep 712500 | Return    27.01 | Steps   13 | Avg100 R=  36.01 L= 16.1
Step  2926332 | Ep 713000 | Return    22.73 | Steps   10 | Avg100 R=  35.71 L= 15.9
Step  2928406 | Ep 713500 | Return    37.71 | Steps   17 | Avg100 R=  36.25 L= 16.2
Step  2930414 | Ep 714000 | Return    37.11 | Steps   16 | Avg100 R=  37.30 L= 16.7
Step  2932432 | Ep 714500 | Return    37.37 | Steps   18 | Avg100 R=  37.89 L= 16.9
Step  2934483 | Ep 715000 | Return    42.45 | Steps   19 | Avg100 R=  36.88 L= 16.5
Step  2936548 | Ep 715500 | Return    30.21 | Steps   14 | Avg100 R=  38.12 L= 17.1
Step  2938583 | Ep 716000 | Return    65.22 | Steps   29 | Avg100 R=  36.77 L= 16.5
Step  2940570 | Ep 716500 | Return    25.20 | Steps   12 | Avg100 R=  34.52 L= 15.2
Step  2942600 | Ep 717000 | Return    27.71 | Steps   11 | Avg100 R=  35.88 L= 16.0
Step  2944618 | Ep 717500 | Return    57.67 | Steps   25 | Avg100 R=  35.20 L= 15.5
Step  2946642 | Ep 718000 | Return    29.94 | Steps   14 | Avg100 R=  35.50 L= 15.8
Step  2948673 | Ep 718500 | Return    39.85 | Steps   18 | Avg100 R=  37.47 L= 16.6
Step  2950782 | Ep 719000 | Return    44.27 | Steps   20 | Avg100 R=  38.71 L= 17.4
Step  2952848 | Ep 719500 | Return    33.73 | Steps   16 | Avg100 R=  37.51 L= 16.7
Step  2954853 | Ep 720000 | Return    37.91 | Steps   18 | Avg100 R=  35.72 L= 15.9
Step  2956913 | Ep 720500 | Return    33.16 | Steps   16 | Avg100 R=  36.10 L= 15.9
Step  2958974 | Ep 721000 | Return    34.35 | Steps   15 | Avg100 R=  36.44 L= 16.2
Step  2961040 | Ep 721500 | Return    40.09 | Steps   17 | Avg100 R=  36.64 L= 16.2
Step  2963100 | Ep 722000 | Return    28.51 | Steps   13 | Avg100 R=  36.87 L= 16.4
Step  2965154 | Ep 722500 | Return    45.77 | Steps   23 | Avg100 R=  37.26 L= 16.8
Step  2967194 | Ep 723000 | Return    33.90 | Steps   15 | Avg100 R=  36.44 L= 16.3
Step  2969239 | Ep 723500 | Return    26.03 | Steps   11 | Avg100 R=  36.60 L= 16.4
Step  2971269 | Ep 724000 | Return    27.22 | Steps   12 | Avg100 R=  38.46 L= 17.1
Step  2973368 | Ep 724500 | Return    33.66 | Steps   16 | Avg100 R=  36.83 L= 16.7
Step  2975389 | Ep 725000 | Return    37.81 | Steps   17 | Avg100 R=  35.71 L= 15.8
Step  2977423 | Ep 725500 | Return    60.19 | Steps   27 | Avg100 R=  35.92 L= 16.3
Step  2979425 | Ep 726000 | Return    38.47 | Steps   21 | Avg100 R=  35.66 L= 15.8
Step  2981498 | Ep 726500 | Return    32.04 | Steps   14 | Avg100 R=  36.69 L= 16.5
Step  2983542 | Ep 727000 | Return    27.80 | Steps   14 | Avg100 R=  38.20 L= 16.9
Step  2985548 | Ep 727500 | Return    54.86 | Steps   24 | Avg100 R=  35.37 L= 15.7
Step  2987551 | Ep 728000 | Return    47.56 | Steps   24 | Avg100 R=  36.75 L= 16.1
Step  2989622 | Ep 728500 | Return    24.92 | Steps   10 | Avg100 R=  36.30 L= 15.9
Step  2991686 | Ep 729000 | Return    31.57 | Steps   16 | Avg100 R=  37.54 L= 16.5
Step  2993713 | Ep 729500 | Return    33.59 | Steps   13 | Avg100 R=  37.19 L= 16.5
Step  2995746 | Ep 730000 | Return    33.44 | Steps   16 | Avg100 R=  34.31 L= 15.4
Step  2997758 | Ep 730500 | Return    36.68 | Steps   14 | Avg100 R=  34.46 L= 15.3
Step  2999849 | Ep 731000 | Return    33.27 | Steps   14 | Avg100 R=  37.67 L= 16.8
Step  3001949 | Ep 731500 | Return    31.61 | Steps   15 | Avg100 R=  39.59 L= 17.6
Final model saved: models/ppo_v1/final.pt
Training complete.
